	product_pos	month_pos	strike1_pos	strike2_pos	strategy_pos	bid_pos	offer_pos
0	0	1	2	3	4	5	
1	2	3	4	5	6		
2	0	1	2	3	4	5	
3	0	1	2		3		5
4	1	2	3		4		
5	2	3	4	5	6		7
6	3	4	5	6	7	8	
7	2	3	4		5		
8	0	1	2		3	5	6
9	0	1	2	3	4	5	6
10	2	3	4	5	6	7	8
11	1	2	3		4	5	
12	0	1	2		3		4
13	2	3	4	5	6	7	8
14	0	1	2		3		5
15	0	1	2		3		4
16	2	3	4		5	7	8
17	0	1	2		3		4
18	1	2	3	4	5		7
19	0	1	2		3		
20	0	1	2	3	4		5
21	0	1	2	3	4	5	
22	0	1	2	3	4	6	
23	1	2	3	4	5		
24	0	1	2	3	4		6
25	0	1	2		3	4	5
26	2	3	4	5	6	7	
27	0	1	2		3		5
28	1	2	3	4	5	7	8
29	1	2	3	4	5	7	
30	3	4	5		6		
31	0	1	2	3	4	6	7
32	1	2	3		4	5	6
33	3	4	5	6	7		9
34	2	3	4	5	6	8	
35	1	2	3	4	5		
36	3	4	5	6	7		8
37	1	2	3		4		
38	1	2	3	4	5	6	
39	2	3	4	5	6		
40	3	4	5		6	7	8
41	0	1	2		3		
42	2	3	4	5	6		7
43	3	4	5	6	7	9	
44	0	1	2		3		
45	1	2	3		4		6
46	3	4	5		6	7	
47	1	2	3	4	5	6	7
48	2	3	4		5		7
49	0	1	2		4		5
50	0	1	2		3		4
51	2	3	4	5	6	7	
52	0	1	2	3	4		
53	0	1	2	3	4	6	
54	2	3	4	5	6		7
55	0	1	2		3	4	
56	1	2	3	4	5	6	7
57	3	4	5		6		
58	1	2	3	4	5		7
59	0	1	2		3	4	
60	0	1	2		3	5	
61	3	4	5	6	7		
62	0	1	2		3		
63	1	2	3	4	5		6
64	3	4	5		6	8	
65	0	1	2	3	4		
66	3	4	5	6	7		
67	1	2	3	4	5	6	
68	3	4	5	6	7	8	9
69	1	2	3	4	5	7	
70	0	1	2		3		
71	0	1	2		3		
72	2	3	4		5		
73	0	1	2		3	4	
74	1	2	3		4	5	6
75	2	3	4	5	6	7	
76	1	2	3		4	5	
77	1	2	3	4	5		
78	0	1	2		3		4
79	3	4	5		6		
80	0	1	2		3	4	5
81	1	2	3		4		6
82	2	3	4		5	7	8
83	2	3	4		5	6	
84	1	2	3	4	5	7	
85	0	1	2	3	4		5
86	2	3	4		5	6	7
87	1	2	3		4	5	6
88	1	2	3		4		
89	2	3	4		5		
90	3	4	5		6		7
91	2	3	4		5		
92	0	1	2		3		
93	0	1	2		3	4	5
94	0	1	2		3		5
95	2	3	4		5		
96	1	2	3	4	5		7
97	1	2	3		4	6	7
98	3	4	5		6		7
99	3	4	5	6	7	8	
100	0	1	2		3	4	5
101	0	1	2	3	4		
102	2	3	4		5		
103	0	1	2	3	4		
104	0	1	2		3		4
105	0	1	2	3	4	6	
106	2	3	4		5		
107	3	4	5		6	7	8
108	0	1	2		3	4	
109	0	1	2		3		
110	0	1	2		3		
111	0	1	2		3		
112	2	3	4	5	6		
113	1	2	3	4	5	6	
114	1	2	3		4		
115	1	2	3	4	5	6	
116	2	3	4		5	6	7
117	3	4	5		6	8	9
118	1	2	3		4	5	
119	0	1	2	3	4	5	
120	3	4	5		6		
121	3	4	5	6	7		
122	0	1	2	3	4	6	
123	1	2	3		4		6
124	1	2	3	4	5	7	8
125	0	1	2	3	4	6	
126	1	2	3		4	5	
127	2	3	4	5	6	8	9
128	0	1	2	3	4	5	6
129	2	3	4		5	6	7
130	1	2	3		4	5	
131	1	2	3	4	5	7	
132	0	1	2		3	4	5
133	0	1	2		3	5	6
134	0	1	2		3	4	
135	1	2	3	4	5		6
136	2	3	4		5		
137	1	2	3	4	5	7	8
138	0	1	2		3		4
139	1	2	3		4		
140	3	4	5	6	7		9
141	0	1	2	3	4		6
142	3	4	5		6		7
143	0	1	2	3	4	5	
144	0	1	2		3	5	
145	1	2	3	4	5	7	
146	1	2	3		4	6	7
147	1	2	3	4	5		6
148	1	2	3	4	5		7
149	2	3	4		5	7	
150	3	4	5		6	8	
151	1	2	3		4		5
152	1	2	3		4		
153	0	1	2	3	4		5
154	1	2	3		4		5
155	2	3	4		5		7
156	0	1	2		3	5	
157	0	1	2	3	4	5	
158	1	2	3	4	5	6	
159	1	2	3	4	5		
160	0	1	2		3		4
161	0	1	2		3		
162	2	3	4	5	6		8
163	1	2	3	4	5		
164	2	3	4	5	6	8	9
165	2	3	4	5	6	7	8
166	2	3	4	5	6	7	
167	2	3	4	5	6		
168	2	3	4	5	6		
169	0	1	2	3	4	5	
170	0	1	2		3	4	5
171	3	4	5		6		
172	1	2	3		4		
173	2	3	4		5		7
174	1	2	3	4	5		6
175	3	4	5		6	8	9
176	3	4	5		6		7
177	0	1	2		3	4	
178	1	2	3		4	6	7
179	1	2	3		4	5	
180	1	2	3		4	5	
181	0	1	2		3		
182	0	1	2		3	4	
183	0	1	2		3		5
184	1	2	3		4	6	
185	1	2	3	4	5	7	8
186	1	2	3	4	5	6	
187	0	1	2		3		4
188	2	3	4		5	7	8
189	0	1	2		3	5	6
190	1	2	3	4	5		
191	1	2	3	4	5	6	7
192	2	3	4	5	6		
193	2	3	4		5		
194	2	3	4	5	6	7	
195	0	1	2	3	4	5	6
196	0	1	2	3	4	5	6
197	2	3	4	5	6		7
198	1	2	3		4		
199	2	3	4	5	6	7	8
200	1	2	3		4		
201	0	1	2		3	4	
202	2	3	4	5	6		7
203	1	2	3	4	5		
204	2	3	4	5	6		
205	0	1	2		3		4
206	1	2	3	4	5		6
207	3	4	5		6		8
208	0	1	2		3	4	5
209	0	1	2	3	4	5	6
210	2	3	4		5	6	7
211	0	1	2		3		4
212	0	1	2	3	4		6
213	0	1	2		3		
214	0	1	2		3		
215	3	4	5	6	7		
216	1	2	3	4	5		
217	0	1	2		3	4	5
218	0	1	2		3	4	
219	0	1	2		3		
220	2	3	4	5	6	8	
221	0	1	2		3	4	
222	3	4	5		6	8	9
223	0	1	2		3		4
224	1	2	3	4	5	6	7
225	1	2	3		4		6
226	1	2	3		4	5	6
227	0	1	2		3		
228	3	4	5	6	7		
229	0	1	2	3	4		5
230	3	4	5	6	7		
231	0	1	2		3	4	5
232	2	3	4		5	6	7
233	2	3	4		5	7	8
234	1	2	3	4	5	6	7
235	1	2	3		4	5	
236	3	4	5	6	7	9	10
237	2	3	4	5	6	7	8
238	0	1	2	3	4	5	
239	0	1	2		3		4
240	2	3	4		5	6	7
241	1	2	3	4	5	6	7
242	1	2	3	4	5	6	7
243	2	3	4		5		6
244	1	2	3	4	5	7	8
245	2	3	4		5		6
246	0	1	2		3		4
247	2	3	4		5	7	
248	2	3	4		5		7
249	1	2	3	4	5	6	
250	0	1	2		3	4	
251	0	1	2		3	5	6
252	2	3	4		5		
253	2	3	4	5	6		8
254	1	2	3	4	5		
255	2	3	4	5	6		
256	1	2	3	4	5		
257	1	2	3		4	6	7
258	2	3	4		5	6	
259	2	3	4		5		6
260	1	2	3		4		5
261	1	2	3		4	6	
262	1	2	3		4	6	
263	3	4	5		6		7
264	2	3	4		5	7	8
265	1	2	3		4	5	
266	1	2	3		4		
267	0	1	2	3	4		6
268	0	1	2		3	4	
269	2	3	4	5	6	7	8
270	3	4	5	6	7	8	9
271	3	4	5	6	7	8	9
272	0	1	2	3	4		
273	1	2	3	4	5		7
274	2	3	4		5		
275	0	1	2	3	4		
276	3	4	5		6		7
277	3	4	5		6		
278	0	1	2	3	4		6
279	3	4	5		6	7	
280	2	3	4	5	6		
281	2	3	4	5	6		
282	2	3	4	5	6	7	8
283	0	1	2		3	5	6
284	2	3	4		5	6	7
285	2	3	4	5	6	7	8
286	0	1	2	3	4		5
287	0	1	2	3	4		5
288	1	2	3		4	6	
289	2	3	4	5	6		7
290	0	1	2		3		
291	3	4	5		6	8	9
292	0	1	2	3	4		6
293	1	2	3		4		6
294	1	2	3		4		5
295	1	2	3		4	5	
296	2	3	4	5	6	8	
297	2	3	4		5	6	
298	1	2	3	4	5	7	8
299	1	2	3	4	5	6	7
300	1	2	3	4	5		6
301	1	2	3	4	5		
302	0	1	2	3	4	6	7
303	2	3	4		5		6
304	1	2	3	4	5		
305	2	3	4		5		7
306	1	2	3	4	5		
307	0	1	2		3		4
308	1	2	3		4	6	7
309	3	4	5		6		7
310	0	1	2	3	4	5	6
311	0	1	2	3	4	5	
312	2	3	4		5		6
313	0	1	2	3	4	5	
314	2	3	4		5		6
315	2	3	4	5	6		8
316	2	3	4		5		6
317	3	4	5	6	7	9	
318	0	1	2		3	4	5
319	0	1	2	3	4		6
320	1	2	3	4	5	7	8
321	0	1	2	3	4	6	7
322	0	1	2	3	4		5
323	1	2	3		4	6	
324	3	4	5		6		8
325	0	1	2		3	5	
326	3	4	5		6	7	8
327	2	3	4	5	6	7	
328	1	2	3		4	6	
329	2	3	4	5	6	8	9
330	1	2	3		4	6	
331	0	1	2		3		5
332	1	2	3	4	5		
333	2	3	4		5		
334	3	4	5	6	7		9
335	0	1	2	3	4	5	6
336	1	2	3	4	5		
337	2	3	4	5	6		
338	0	1	2		3		
339	2	3	4		5		
340	3	4	5	6	7	8	
341	2	3	4	5	6		7
342	0	1	2		3		
343	0	1	2		3	4	
344	1	2	3		4		5
345	0	1	2		3	4	
346	0	1	2		3	5	6
347	2	3	4		5	6	
348	0	1	2	3	4	6	7
349	2	3	4		5	6	
350	0	1	2		3	4	5
351	3	4	5	6	7	9	10
352	2	3	4		5	7	8
353	1	2	3	4	5	6	7
354	0	1	2	3	4		
355	1	2	3	4	5		6
356	2	3	4		5		
357	1	2	3		4	5	6
358	2	3	4	5	6	7	8
359	0	1	2	3	4	5	
360	0	1	2		3		
361	1	2	3		4	5	6
362	3	4	5		6	7	8
363	3	4	5	6	7	9	10
364	0	1	2		3		5
365	1	2	3	4	5		
366	0	1	2	3	4		
367	1	2	3		4		5
368	0	1	2		3		4
369	1	2	3	4	5	6	7
370	1	2	3	4	5	6	
371	2	3	4	5	6		
372	1	2	3	4	5	6	7
373	2	3	4	5	6		
374	3	4	5		6	7	8
375	0	1	2	3	4		5
376	3	4	5	6	7		
377	1	2	3		4	5	6
378	3	4	5	6	7		
379	1	2	3	4	5		6
380	2	3	4	5	6	8	
381	0	1	2	3	4		5
382	3	4	5		6	7	
383	0	1	2	3	4		
384	0	1	2	3	4		5
385	0	1	2		3	4	
386	1	2	3		4		
387	2	3	4	5	6		
388	0	1	2		3		
389	2	3	4	5	6		
390	3	4	5	6	7	8	
391	0	1	2	3	4	5	6
392	1	2	3	4	5	6	7
393	0	1	2	3	4		
394	2	3	4	5	6		7
395	2	3	4		5		6
396	0	1	2		3		4
397	1	2	3	4	5	7	
398	2	3	4		5	6	
399	0	1	2	3	4		5
400	0	1	2	3	4		5
401	1	2	3	4	5	6	7
402	1	2	3		4	6	7
403	1	2	3		4		
404	1	2	3	4	5		
405	1	2	3		4		
406	0	1	2	3	4	5	
407	1	2	3		4		
408	0	1	2	3	4	6	
409	0	1	2		3	4	5
410	0	1	2	3	4	5	6
411	3	4	5	6	7		8
412	0	1	2	3	4	5	
413	3	4	5		6	7	8
414	0	1	2	3	4	5	
415	2	3	4	5	6	8	9
416	3	4	5		6	8	9
417	3	4	5	6	7		
418	2	3	4		5	6	7
419	1	2	3		4		
420	1	2	3	4	5		
421	1	2	3	4	5	6	
422	3	4	5		6	7	8
423	2	3	4	5	6		
424	0	1	2	3	4		
425	1	2	3		4	6	7
426	0	1	2	3	4	5	6
427	1	2	3	4	5	7	
428	0	1	2	3	4	5	
429	2	3	4		5		6
430	0	1	2		3		
431	0	1	2	3	4	5	6
432	1	2	3		4	5	6
433	2	3	4	5	6	7	
434	1	2	3	4	5	6	
435	0	1	2	3	4		5
436	3	4	5	6	7		
437	1	2	3		4	5	
438	1	2	3		4	6	7
439	2	3	4	5	6		7
440	2	3	4		5		
441	1	2	3		4		5
442	1	2	3		4		6
443	0	1	2	3	4	5	
444	2	3	4	5	6	8	9
445	3	4	5		6	8	
446	0	1	2		3	4	
447	2	3	4		5		
448	1	2	3		4		6
449	0	1	2	3	4		5
450	0	1	2	3	4	5	6
451	0	1	2		3		5
452	2	3	4		5		6
453	0	1	2	3	4	6	
454	1	2	3	4	5		
455	3	4	5		6		
456	2	3	4		5	6	
457	3	4	5		6	7	8
458	0	1	2		3		
459	1	2	3		4	6	7
460	2	3	4		5		
461	0	1	2	3	4		
462	1	2	3	4	5	7	
463	2	3	4	5	6	8	
464	0	1	2		3	4	5
465	2	3	4		5	6	
466	0	1	2		3		4
467	3	4	5	6	7	8	9
468	0	1	2		3		
469	3	4	5		6	7	
470	0	1	2		3		
471	0	1	2		3	4	5
472	0	1	2	3	4		
473	2	3	4	5	6	8	
474	0	1	2	3	4	5	
475	0	1	2		3		4
476	2	3	4	5	6		8
477	3	4	5		6		
478	2	3	4		5		
479	0	1	2		3		
480	1	2	3	4	5	6	7
481	2	3	4		5	6	
482	0	1	2	3	4	5	6
483	0	1	2	3	4		5
484	0	1	2		3	4	5
485	0	1	2		3		
486	2	3	4	5	6	7	
487	0	1	2	3	4		6
488	2	3	4		5	6	7
489	1	2	3	4	5		6
490	0	1	2		3	5	6
491	3	4	5	6	7	8	
492	1	2	3	4	5		7
493	1	2	3		4	6	
494	0	1	2	3	4	5	6
495	0	1	2	3	4		6
496	0	1	2		3		
497	0	1	2	3	4	5	6
498	2	3	4	5	6		8
499	0	1	2		3	4	5
500	1	2	3		4		6
501	3	4	5	6	7		9
502	0	1	2	3	4	6	
503	0	1	2		3		
504	0	1	2		3	4	5
505	0	1	2		3		5
506	0	1	2	3	4		
507	2	3	4		5	6	7
508	0	1	2	3	4	5	6
509	2	3	4	5	6		7
510	0	1	2		3	4	
511	2	3	4	5	6	7	
512	0	1	2	3	4		5
513	2	3	4	5	6	7	8
514	0	1	2	3	4		6
515	1	2	3		4	6	7
516	2	3	4	5	6		
517	0	1	2	3	4	6	
518	0	1	2	3	4	5	
519	0	1	2		3		
520	0	1	2	3	4	5	
521	0	1	2	3	4		5
522	3	4	5		6		7
523	1	2	3		4		
524	1	2	3		4	5	
525	1	2	3	4	5		
526	0	1	2		3	5	6
527	2	3	4	5	6		7
528	0	1	2	3	4	5	
529	0	1	2	3	4		
530	3	4	5	6	7		
531	1	2	3		4	5	
532	1	2	3		4		6
533	1	2	3	4	5		
534	1	2	3	4	5	7	
535	0	1	2	3	4		6
536	0	1	2		3	5	6
537	1	2	3	4	5		
538	3	4	5		6	7	8
539	0	1	2		3		
540	0	1	2		3		
541	3	4	5		6		
542	1	2	3		4		
543	0	1	2	3	4		
544	0	1	2	3	4	5	6
545	1	2	3		4	5	6
546	0	1	2		3	4	5
547	0	1	2	3	4		
548	0	1	2	3	4	6	7
549	0	1	2	3	4		
550	2	3	4	5	6	7	8
551	3	4	5	6	7		8
552	3	4	5		6		7
553	0	1	2	3	4		5
554	1	2	3	4	5		7
555	1	2	3	4	5		6
556	1	2	3		4	5	6
557	1	2	3		4	5	6
558	2	3	4	5	6	7	
559	1	2	3	4	5		6
560	2	3	4	5	6	8	9
561	0	1	2	3	4	5	
562	1	2	3	4	5	7	8
563	1	2	3	4	5		7
564	1	2	3		4	5	
565	3	4	5	6	7	9	10
566	2	3	4		5		
567	0	1	2	3	4	5	
568	1	2	3		4		
569	2	3	4		5		6
570	2	3	4		5	6	7
571	3	4	5	6	7		8
572	0	1	2		3		
573	0	1	2	3	4		
574	2	3	4		5	6	7
575	0	1	2		3	5	6
576	3	4	5		6		
577	2	3	4	5	6	7	
578	0	1	2	3	4	5	
579	0	1	2		3		4
580	0	1	2	3	4		
581	1	2	3		4	6	7
582	0	1	2		3		4
583	3	4	5	6	7	8	
584	2	3	4	5	6		7
585	0	1	2	3	4		
586	0	1	2		3		4
587	1	2	3	4	5		7
588	2	3	4		5	6	
589	1	2	3		4	6	
590	1	2	3	4	5		
591	1	2	3		4		6
592	2	3	4		5		6
593	0	1	2		3		4
594	1	2	3		4	6	7
595	1	2	3		4		5
596	1	2	3		4		
597	1	2	3		4	6	7
598	0	1	2	3	4		
599	1	2	3		4	5	
600	1	2	3	4	5	6	7
601	2	3	4		5	7	8
602	1	2	3		4	5	6
603	2	3	4	5	6		7
604	1	2	3		4	5	
605	1	2	3		4		6
606	2	3	4		5	6	
607	2	3	4	5	6	8	
608	0	1	2		3		5
609	0	1	2	3	4		5
610	1	2	3		4		6
611	0	1	2	3	4		5
612	3	4	5	6	7	8	
613	3	4	5	6	7	9	
614	0	1	2		3	4	5
615	2	3	4		5	7	8
616	3	4	5		6	7	
617	0	1	2	3	4		
618	0	1	2		3	4	5
619	2	3	4		5		6
620	1	2	3		4	5	
621	1	2	3		4	6	7
622	0	1	2	3	4		
623	2	3	4		5	6	
624	0	1	2		3	5	
625	0	1	2		3	5	
626	3	4	5		6	8	
627	0	1	2	3	4		
628	3	4	5	6	7	8	9
629	0	1	2		3		
630	2	3	4		5		6
631	3	4	5	6	7		9
632	2	3	4	5	6	8	9
633	1	2	3	4	5		
634	0	1	2	3	4		
635	1	2	3		4		5
636	0	1	2	3	4	5	6
637	0	1	2		3		
638	3	4	5		6	7	
639	0	1	2	3	4	6	
640	1	2	3	4	5	6	
641	0	1	2		3		
642	1	2	3		4		
643	1	2	3	4	5		6
644	1	2	3		4	6	
645	0	1	2	3	4	5	
646	0	1	2	3	4	6	
647	2	3	4	5	6	8	9
648	1	2	3	4	5	6	
649	3	4	5	6	7		8
650	0	1	2		3		5
651	1	2	3		4	5	6
652	3	4	5		6	7	
653	1	2	3		4	5	
654	2	3	4		5		
655	0	1	2	3	4		5
656	0	1	2	3	4		
657	0	1	2	3	4	6	
658	0	1	2	3	4		5
659	0	1	2	3	4		
660	1	2	3		4	5	6
661	0	1	2		3	5	6
662	1	2	3		4	5	6
663	0	1	2		3		4
664	0	1	2		3		4
665	0	1	2	3	4		5
666	0	1	2		3	4	5
667	2	3	4	5	6	7	8
668	3	4	5		6	7	8
669	3	4	5	6	7	9	
670	1	2	3	4	5		6
671	0	1	2		3		
672	0	1	2	3	4	5	6
673	2	3	4		5	7	
674	0	1	2	3	4		6
675	0	1	2		3	4	
676	0	1	2		3	5	6
677	1	2	3	4	5	7	8
678	2	3	4		5	6	7
679	1	2	3		4		
680	0	1	2		3		5
681	0	1	2		3	4	5
682	1	2	3		4	6	7
683	0	1	2		3		5
684	0	1	2	3	4		5
685	0	1	2	3	4		
686	0	1	2		3		
687	0	1	2	3	4		5
688	1	2	3		4		6
689	3	4	5		6	8	9
690	0	1	2		3		
691	3	4	5	6	7		9
692	0	1	2		3		4
693	0	1	2	3	4		
694	0	1	2	3	4	5	6
695	1	2	3		4		
696	2	3	4		5		
697	0	1	2	3	4		6
698	1	2	3		4	5	6
699	1	2	3		4	5	
700	0	1	2		3	5	
701	0	1	2		3		
702	2	3	4	5	6	8	
703	2	3	4	5	6		
704	2	3	4	5	6	8	
705	1	2	3	4	5	7	8
706	2	3	4		5	6	
707	1	2	3	4	5		6
708	1	2	3		4		
709	0	1	2	3	4		5
710	3	4	5	6	7		8
711	1	2	3		4	5	6
712	3	4	5		6	8	
713	3	4	5		6		8
714	2	3	4	5	6		7
715	1	2	3		4	6	
716	3	4	5	6	7	8	9
717	1	2	3	4	5		
718	2	3	4		5	7	8
719	0	1	2	3	4	6	7
720	0	1	2	3	4		5
721	0	1	2	3	4		
722	0	1	2	3	4	6	7
723	1	2	3		4	5	6
724	1	2	3		4	6	7
725	0	1	2		3		5
726	1	2	3		4		
727	1	2	3		4	5	
728	2	3	4		5		6
729	1	2	3	4	5	6	
730	0	1	2	3	4		
731	0	1	2	3	4		6
732	0	1	2	3	4	5	6
733	1	2	3	4	5	6	
734	0	1	2	3	4	5	6
735	0	1	2		3		
736	1	2	3		4	6	7
737	1	2	3	4	5		
738	1	2	3	4	5	6	
739	2	3	4	5	6	7	8
740	2	3	4	5	6	8	9
741	2	3	4		5	6	
742	0	1	2	3	4	5	6
743	0	1	2	3	4		5
744	2	3	4		5	7	8
745	1	2	3		4		6
746	0	1	2	3	4	6	
747	0	1	2		3	5	
748	2	3	4		5	7	8
749	0	1	2	3	4	5	
750	0	1	2	3	4		6
751	0	1	2		3	4	
752	0	1	2		3	4	5
753	2	3	4	5	6		7
754	1	2	3		4		5
755	1	2	3	4	5	7	
756	0	1	2		3		4
757	2	3	4		5	7	
758	2	3	4		5	6	
759	0	1	2	3	4	6	7
760	0	1	2		3		4
761	1	2	3		4		5
762	3	4	5	6	7	8	9
763	0	1	2		3		
764	0	1	2		3	5	
765	3	4	5		6	7	
766	0	1	2		3	5	
767	0	1	2		3	4	
768	1	2	3	4	5	6	
769	1	2	3		4		5
770	0	1	2		3		
771	0	1	2	3	4	5	6
772	1	2	3		4		6
773	1	2	3		4	5	6
774	2	3	4		5		7
775	2	3	4		5		
776	3	4	5		6	8	
777	1	2	3	4	5		
778	0	1	2		3		
779	3	4	5	6	7	8	
780	0	1	2		3		4
781	2	3	4		5		
782	0	1	2		3	4	5
783	0	1	2	3	4	6	
784	2	3	4	5	6		
785	0	1	2		3	4	
786	0	1	2	3	4		6
787	0	1	2		3		
788	0	1	2		3		4
789	0	1	2		3	4	
790	2	3	4		5	7	
791	1	2	3	4	5		
792	0	1	2		3		4
793	2	3	4	5	6		
794	0	1	2	3	4	5	6
795	2	3	4	5	6	7	8
796	0	1	2	3	4		5
797	2	3	4	5	6	8	9
798	0	1	2	3	4		6
799	2	3	4		5		7
800	0	1	2		3	4	
801	0	1	2		3		4
802	1	2	3	4	5		7
803	2	3	4	5	6		
804	3	4	5	6	7		9
805	3	4	5	6	7		9
806	2	3	4	5	6		
807	2	3	4		5		
808	2	3	4	5	6	7	
809	0	1	2		3		
810	1	2	3	4	5	6	
811	0	1	2	3	4	5	6
812	2	3	4		5		6
813	1	2	3	4	5	6	7
814	2	3	4	5	6	7	
815	2	3	4		5		6
816	3	4	5	6	7	8	9
817	0	1	2		3	5	6
818	1	2	3	4	5		6
819	1	2	3	4	5	7	8
820	1	2	3		4	6	7
821	1	2	3	4	5	6	7
822	0	1	2		3	5	
823	0	1	2		3	5	
824	0	1	2		3	4	5
825	0	1	2		3	4	5
826	0	1	2	3	4	5	6
827	2	3	4	5	6		
828	1	2	3	4	5	6	
829	3	4	5		6	8	
830	0	1	2		3	4	5
831	0	1	2		3	5	6
832	2	3	4	5	6		8
833	1	2	3	4	5	6	7
834	0	1	2		3	5	
835	2	3	4		5	6	
836	0	1	2	3	4	6	7
837	2	3	4		5		6
838	3	4	5		6	7	8
839	0	1	2	3	4	5	
840	2	3	4	5	6	8	
841	1	2	3		4		
842	1	2	3		4	6	7
843	1	2	3	4	5		6
844	1	2	3	4	5		6
845	1	2	3	4	5	6	
846	3	4	5	6	7		8
847	0	1	2	3	4	5	6
848	1	2	3		4		
849	0	1	2	3	4		
850	0	1	2		3		
851	3	4	5		6		8
852	0	1	2	3	4		
853	3	4	5	6	7		
854	2	3	4	5	6		7
855	0	1	2		3	4	5
856	1	2	3		4		5
857	0	1	2		3	4	5
858	0	1	2	3	4		5
859	0	1	2	3	4	5	6
860	0	1	2		3	4	
861	2	3	4	5	6		
862	0	1	2		3	4	
863	1	2	3	4	5		
864	2	3	4		5	6	7
865	3	4	5	6	7		
866	2	3	4	5	6	7	8
867	0	1	2		3		
868	1	2	3		4	5	6
869	1	2	3	4	5	6	7
870	2	3	4		5		7
871	2	3	4	5	6	7	
872	1	2	3	4	5		
873	0	1	2		3	4	5
874	2	3	4	5	6		
875	1	2	3		4	5	
876	1	2	3		4		6
877	0	1	2	3	4	5	6
878	1	2	3		4	6	
879	3	4	5		6		8
880	1	2	3		4	5	6
881	3	4	5	6	7		8
882	2	3	4		5	6	7
883	2	3	4		5		6
884	0	1	2		3	5	6
885	0	1	2	3	4		
886	2	3	4		5	7	8
887	1	2	3	4	5	6	
888	2	3	4		5	6	7
889	0	1	2		3		5
890	1	2	3	4	5		
891	1	2	3		4		
892	1	2	3		4		
893	0	1	2		3		
894	0	1	2		3		5
895	0	1	2		3		
896	2	3	4		5	6	
897	1	2	3	4	5	6	
898	3	4	5	6	7	9	
899	2	3	4	5	6		
900	0	1	2		3		5
901	0	1	2	3	4		
902	0	1	2	3	4		
903	3	4	5	6	7		8
904	2	3	4		5	7	
905	1	2	3	4	5	6	7
906	0	1	2	3	4	6	
907	2	3	4		5		7
908	3	4	5		6	8	9
909	2	3	4		5	6	7
910	1	2	3		4		
911	2	3	4		5	7	
912	0	1	2	3	4	6	7
913	1	2	3		4	5	6
914	2	3	4		5	6	7
915	3	4	5	6	7	8	9
916	0	1	2		3	5	
917	2	3	4		5		
918	2	3	4		5		
919	2	3	4		5		7
920	2	3	4		5	6	7
921	2	3	4		5		
922	2	3	4		5		
923	0	1	2		3		4
924	0	1	2	3	4		
925	1	2	3	4	5		6
926	3	4	5	6	7		
927	2	3	4		5	6	7
928	0	1	2		3		5
929	2	3	4		5	6	7
930	0	1	2		3		
931	2	3	4	5	6		
932	0	1	2		3	4	
933	1	2	3	4	5		
934	0	1	2		3	4	5
935	0	1	2		3	4	5
936	3	4	5		6		
937	1	2	3		4		5
938	2	3	4	5	6	8	
939	0	1	2		3	4	5
940	2	3	4	5	6	7	8
941	0	1	2	3	4	5	
942	3	4	5	6	7	9	10
943	0	1	2		3		4
944	1	2	3		4	5	
945	0	1	2	3	4	6	
946	3	4	5		6		
947	1	2	3		4		
948	0	1	2	3	4	5	6
949	1	2	3		4	6	
950	0	1	2	3	4		5
951	0	1	2		3	4	5
952	0	1	2		3	4	
953	0	1	2	3	4	6	
954	3	4	5		6	8	
955	2	3	4	5	6		
956	0	1	2	3	4	5	6
957	2	3	4		5	7	8
958	0	1	2		3	4	
959	2	3	4	5	6	7	
960	1	2	3		4		
961	2	3	4		5	6	
962	0	1	2	3	4	6	
963	1	2	3		4		5
964	1	2	3		4		5
965	1	2	3	4	5	6	
966	2	3	4		5		7
967	2	3	4		5		
968	2	3	4	5	6		
969	0	1	2		3		5
970	1	2	3	4	5	7	8
971	2	3	4		5		6
972	2	3	4	5	6	8	9
973	0	1	2		3	4	5
974	1	2	3		4		
975	2	3	4		5	6	7
976	0	1	2		3		4
977	1	2	3		4	6	7
978	2	3	4		5	6	7
979	0	1	2	3	4	6	7
980	2	3	4		5	7	
981	2	3	4		5		
982	3	4	5	6	7	9	
983	1	2	3	4	5	6	
984	0	1	2	3	4		6
985	0	1	2		3	4	
986	1	2	3		4		5
987	3	4	5		6		
988	1	2	3	4	5		
989	2	3	4		5		7
990	2	3	4	5	6	8	
991	2	3	4	5	6	7	8
992	0	1	2		3	4	
993	2	3	4		5	7	8
994	0	1	2		3	4	
995	2	3	4	5	6		7
996	2	3	4	5	6	8	9
997	1	2	3		4		5
998	3	4	5	6	7	8	9
999	2	3	4	5	6		
1000	0	1	2	3	4		
1001	2	3	4		5		6
1002	1	2	3	4	5		
1003	2	3	4	5	6		
1004	2	3	4		5	6	
1005	0	1	2		3	4	
1006	2	3	4		5	6	
1007	0	1	2	3	4		6
1008	2	3	4	5	6	8	9
1009	3	4	5		6	7	
1010	2	3	4		5	6	7
1011	2	3	4		5		
1012	2	3	4		5	6	
1013	0	1	2	3	4	5	
1014	1	2	3	4	5		7
1015	0	1	2	3	4	5	
1016	1	2	3		4	5	
1017	0	1	2	3	4	6	
1018	1	2	3	4	5		
1019	2	3	4	5	6	7	
1020	1	2	3	4	5	6	7
1021	3	4	5	6	7		9
1022	0	1	2		3		5
1023	0	1	2	3	4	6	7
1024	3	4	5		6	7	8
1025	2	3	4	5	6		
1026	2	3	4		5	7	
1027	2	3	4	5	6		7
1028	2	3	4		5	7	
1029	1	2	3		4	6	
1030	0	1	2		3	5	
1031	0	1	2		3		
1032	1	2	3		4	6	
1033	0	1	2		3		
1034	2	3	4		5	6	7
1035	2	3	4		5	7	
1036	0	1	2		3	5	6
1037	3	4	5		6		
1038	2	3	4		5	6	
1039	1	2	3	4	5		7
1040	0	1	2	3	4	5	6
1041	2	3	4	5	6	7	
1042	0	1	2		3	4	5
1043	3	4	5		6		7
1044	3	4	5		6	7	8
1045	2	3	4		5	7	8
1046	2	3	4	5	6		7
1047	1	2	3	4	5	6	
1048	0	1	2		3	4	
1049	0	1	2	3	4	6	7
1050	0	1	2		3	4	5
1051	0	1	2	3	4	5	6
1052	1	2	3	4	5	7	8
1053	3	4	5	6	7	8	
1054	0	1	2	3	4		5
1055	1	2	3		4		5
1056	1	2	3	4	5	6	7
1057	0	1	2	3	4		5
1058	3	4	5	6	7		
1059	1	2	3		4	5	
1060	3	4	5		6		7
1061	1	2	3	4	5		
1062	0	1	2		3		4
1063	2	3	4		5		
1064	0	1	2		3	4	5
1065	0	1	2	3	4	6	7
1066	2	3	4	5	6		8
1067	2	3	4		5		
1068	3	4	5	6	7	9	
1069	0	1	2		3	4	5
1070	2	3	4	5	6	8	
1071	1	2	3		4		
1072	3	4	5	6	7	9	10
1073	0	1	2		3		
1074	0	1	2		3		
1075	0	1	2	3	4		
1076	1	2	3	4	5		
1077	3	4	5		6		
1078	0	1	2	3	4	5	6
1079	1	2	3	4	5	7	8
1080	2	3	4	5	6	7	
1081	0	1	2		3	5	
1082	2	3	4	5	6		
1083	2	3	4		5		6
1084	1	2	3		4	6	7
1085	1	2	3		4		
1086	1	2	3		4	6	
1087	0	1	2	3	4	5	6
1088	0	1	2		3		4
1089	0	1	2	3	4		
1090	1	2	3	4	5		6
1091	0	1	2	3	4		5
1092	2	3	4	5	6	8	
1093	1	2	3		4		5
1094	2	3	4		5		
1095	1	2	3		4	6	
1096	2	3	4	5	6		8
1097	2	3	4		5		6
1098	1	2	3		4	5	
1099	0	1	2		3		
1100	2	3	4	5	6	8	
1101	3	4	5		6		7
1102	1	2	3		4		5
1103	2	3	4	5	6		
1104	0	1	2	3	4		
1105	1	2	3	4	5	7	8
1106	1	2	3		4	5	6
1107	0	1	2	3	4		
1108	0	1	2	3	4		
1109	0	1	2	3	4	5	6
1110	1	2	3	4	5	6	
1111	0	1	2	3	4		6
1112	1	2	3	4	5		
1113	2	3	4	5	6	7	
1114	0	1	2	3	4	6	
1115	0	1	2	3	4	5	6
1116	0	1	2		3		4
1117	2	3	4	5	6		
1118	0	1	2	3	4	5	
1119	0	1	2		3	5	6
1120	0	1	2		3	5	
1121	1	2	3	4	5		6
1122	0	1	2		3	5	
1123	0	1	2	3	4	5	
1124	3	4	5		6	7	8
1125	0	1	2	3	4		
1126	2	3	4	5	6		7
1127	1	2	3		4		
1128	1	2	3	4	5		
1129	0	1	2		3	5	
1130	1	2	3		4	5	6
1131	0	1	2	3	4	5	6
1132	0	1	2		3	4	5
1133	3	4	5	6	7	8	
1134	0	1	2		3		4
1135	0	1	2	3	4		5
1136	2	3	4	5	6	8	9
1137	1	2	3	4	5	7	8
1138	0	1	2		3	5	
1139	1	2	3	4	5		
1140	0	1	2		3	4	5
1141	0	1	2		3	4	5
1142	1	2	3		4		
1143	1	2	3		4		6
1144	3	4	5		6	7	8
1145	2	3	4	5	6	7	
1146	1	2	3		4		5
1147	2	3	4		5		
1148	0	1	2	3	4		
1149	2	3	4		5		6
1150	2	3	4	5	6	8	9
1151	0	1	2	3	4	6	
1152	0	1	2	3	4		5
1153	2	3	4	5	6	7	8
1154	0	1	2	3	4	6	
1155	1	2	3	4	5	7	
1156	2	3	4		5	7	8
1157	0	1	2		3	4	5
1158	0	1	2		3		4
1159	0	1	2	3	4		
1160	2	3	4	5	6		8
1161	0	1	2		3		
1162	0	1	2		3		4
1163	0	1	2		3	4	5
1164	1	2	3		4	5	6
1165	0	1	2		3		
1166	0	1	2	3	4		5
1167	2	3	4	5	6		
1168	1	2	3	4	5	7	
1169	3	4	5	6	7		
1170	0	1	2	3	4	5	
1171	0	1	2	3	4		6
1172	2	3	4		5	6	
1173	1	2	3		4		5
1174	0	1	2		3	4	
1175	0	1	2		3		5
1176	0	1	2	3	4		5
1177	2	3	4		5	7	8
1178	2	3	4	5	6	7	
1179	0	1	2		3	5	
1180	1	2	3	4	5	6	7
1181	1	2	3		4		
1182	3	4	5		6		
1183	0	1	2	3	4	5	
1184	0	1	2		3	4	
1185	0	1	2		3	4	5
1186	2	3	4		5	7	
1187	2	3	4	5	6		7
1188	2	3	4		5	7	
1189	1	2	3		4	6	
1190	0	1	2		3		5
1191	1	2	3	4	5	6	7
1192	3	4	5		6	8	9
1193	0	1	2	3	4	6	
1194	2	3	4		5	7	8
1195	0	1	2		3	4	
1196	0	1	2		3		
1197	2	3	4	5	6		7
1198	0	1	2	3	4	6	
1199	0	1	2		3		
1200	2	3	4		5		7
1201	1	2	3		4		
1202	0	1	2		3	5	
1203	1	2	3	4	5		6
1204	0	1	2		3	4	5
1205	0	1	2	3	4	5	6
1206	0	1	2	3	4		5
1207	2	3	4		5		6
1208	2	3	4	5	6	8	
1209	2	3	4		5	7	8
1210	0	1	2	3	4	5	6
1211	3	4	5	6	7		9
1212	0	1	2	3	4		
1213	2	3	4	5	6		8
1214	2	3	4		5	6	
1215	0	1	2		3	4	5
1216	0	1	2		3	5	6
1217	0	1	2		3	4	
1218	0	1	2		3	4	
1219	2	3	4		5	6	7
1220	1	2	3		4		5
1221	0	1	2		3		5
1222	2	3	4	5	6	7	8
1223	1	2	3	4	5		
1224	2	3	4		5		7
1225	1	2	3	4	5		
1226	1	2	3	4	5	6	
1227	0	1	2	3	4	6	
1228	0	1	2	3	4		
1229	3	4	5	6	7	8	
1230	1	2	3		4		
1231	0	1	2	3	4	5	6
1232	3	4	5		6	7	8
1233	3	4	5	6	7	9	
1234	2	3	4	5	6		7
1235	0	1	2	3	4		6
1236	1	2	3		4	6	
1237	3	4	5		6	8	9
1238	3	4	5	6	7	8	9
1239	2	3	4		5		
1240	2	3	4		5		
1241	0	1	2		3		5
1242	1	2	3		4		6
1243	3	4	5	6	7	8	9
1244	3	4	5		6	7	
1245	0	1	2		4		5
1246	0	1	2	3	4		
1247	1	2	3		4		
1248	1	2	3		4		
1249	0	1	2		3	5	
1250	1	2	3	4	5		7
1251	1	2	3		4		
1252	0	1	2	3	4		5
1253	1	2	3	4	5	6	7
1254	2	3	4	5	6		
1255	0	1	2		3	4	5
1256	1	2	3	4	5	6	
1257	0	1	2		3	4	
1258	1	2	3		4		6
1259	1	2	3		4		5
1260	3	4	5		6	7	
1261	0	1	2		3	4	
1262	0	1	2	3	4		
1263	1	2	3		4		5
1264	2	3	4	5	6	8	
1265	2	3	4	5	6		
1266	1	2	3	4	5	7	8
1267	2	3	4	5	6		7
1268	0	1	2	3	4	5	
1269	0	1	2	3	4	6	7
1270	2	3	4		5		
1271	0	1	2		3	4	5
1272	0	1	2	3	4	6	
1273	1	2	3	4	5	6	7
1274	1	2	3	4	5		
1275	2	3	4		5		7
1276	0	1	2		3	4	
1277	1	2	3	4	5	6	
1278	0	1	2	3	4		6
1279	1	2	3		4	6	7
1280	0	1	2	3	4	6	7
1281	2	3	4		5		7
1282	0	1	2		3	4	
1283	1	2	3	4	5		
1284	2	3	4		5	6	7
1285	2	3	4	5	6	8	
1286	0	1	2		3	5	
1287	1	2	3	4	5	7	8
1288	1	2	3		4	6	7
1289	0	1	2		3		4
1290	2	3	4	5	6		7
1291	0	1	2	3	4	6	
1292	0	1	2		3		
1293	2	3	4		5		7
1294	0	1	2		4		6
1295	0	1	2		3	4	5
1296	3	4	5	6	7	8	
1297	1	2	3		4		
1298	0	1	2		3	4	
1299	1	2	3	4	5	7	8
1300	1	2	3		4		5
1301	0	1	2		3		
1302	0	1	2		3	5	6
1303	0	1	2	3	4		5
1304	0	1	2		3	4	
1305	2	3	4		5	6	7
1306	2	3	4	5	6	8	
1307	2	3	4		5		
1308	0	1	2	3	4		
1309	1	2	3	4	5	6	7
1310	2	3	4		5	6	7
1311	2	3	4		5	6	
1312	2	3	4	5	6		
1313	1	2	3		4	6	
1314	0	1	2		3	4	
1315	1	2	3	4	5		6
1316	2	3	4		5	6	7
1317	0	1	2	3	4		
1318	0	1	2		3		4
1319	2	3	4		5	6	
1320	0	1	2		3	4	
1321	0	1	2		3	4	5
1322	1	2	3	4	5		6
1323	0	1	2	3	4		
1324	1	2	3	4	5		6
1325	0	1	2	3	4		5
1326	1	2	3		4		6
1327	1	2	3	4	5		
1328	0	1	2		3		4
1329	1	2	3		4	5	6
1330	0	1	2		3		
1331	0	1	2		3	5	
1332	1	2	3		4	5	
1333	0	1	2	3	4		5
1334	0	1	2	3	4		
1335	0	1	2	3	4		6
1336	1	2	3	4	5		
1337	0	1	2	3	4	5	6
1338	0	1	2		3		
1339	1	2	3		4	5	6
1340	1	2	3	4	5	6	7
1341	0	1	2	3	4	5	6
1342	2	3	4		5	7	8
1343	2	3	4	5	6		7
1344	0	1	2	3	4	6	
1345	2	3	4	5	6		7
1346	0	1	2		3	4	
1347	0	1	2		3	4	5
1348	1	2	3		4	6	
1349	1	2	3		4	5	
1350	0	1	2	3	4		
1351	2	3	4		5		6
1352	3	4	5	6	7		
1353	0	1	2	3	4		5
1354	0	1	2		3		
1355	3	4	5	6	7	8	9
1356	0	1	2		3	4	5
1357	2	3	4		5	7	
1358	0	1	2		3	4	5
1359	0	1	2	3	4		
1360	0	1	2	3	4		5
1361	3	4	5		6		7
1362	2	3	4	5	6	8	9
1363	1	2	3		4	5	
1364	0	1	2		3	4	5
1365	1	2	3	4	5	6	7
1366	0	1	2		3	4	5
1367	3	4	5	6	7	8	9
1368	0	1	2		3		
1369	1	2	3	4	5	6	7
1370	2	3	4		5	6	
1371	0	1	2	3	4		5
1372	1	2	3		4	5	6
1373	3	4	5		6		
1374	2	3	4		5		
1375	2	3	4	5	6	8	
1376	0	1	2	3	4		5
1377	1	2	3		4		6
1378	1	2	3	4	5		6
1379	1	2	3		4		5
1380	2	3	4		5		
1381	0	1	2		3		4
1382	1	2	3		4	5	
1383	3	4	5		6		7
1384	0	1	2	3	4	6	
1385	2	3	4		5		6
1386	0	1	2	3	4	5	
1387	2	3	4		5	7	
1388	1	2	3		4		
1389	1	2	3	4	5	6	7
1390	1	2	3		4	5	
1391	2	3	4	5	6	8	
1392	3	4	5	6	7		9
1393	1	2	3		4		6
1394	1	2	3		4	6	7
1395	3	4	5		6	7	
1396	3	4	5		6	7	
1397	2	3	4		5		
1398	3	4	5		6		
1399	3	4	5	6	7	8	9
1400	2	3	4	5	6	7	
1401	0	1	2		3	4	
1402	1	2	3		4	5	
1403	0	1	2	3	4	5	
1404	0	1	2	3	4	5	
1405	1	2	3		4	5	6
1406	1	2	3		4	5	
1407	0	1	2		3	4	
1408	1	2	3		4	6	7
1409	1	2	3		4	5	
1410	1	2	3		4		5
1411	0	1	2		3	4	
1412	2	3	4	5	6	7	8
1413	2	3	4	5	6		8
1414	1	2	3		4	5	
1415	1	2	3		4		5
1416	2	3	4	5	6	8	
1417	3	4	5	6	7	9	10
1418	2	3	4		5	6	
1419	0	1	2	3	4	6	7
1420	0	1	2		3		
1421	2	3	4	5	6	7	
1422	2	3	4	5	6	7	8
1423	0	1	2		3		4
1424	3	4	5	6	7	8	9
1425	2	3	4		5	7	8
1426	2	3	4	5	6	8	
1427	2	3	4		6	8	9
1428	1	2	3		4	5	6
1429	3	4	5	6	7		8
1430	3	4	5	6	7		8
1431	2	3	4		5		
1432	0	1	2	3	4		
1433	2	3	4		5		
1434	2	3	4	5	6	7	
1435	1	2	3		4		
1436	2	3	4		5	6	7
1437	1	2	3	4	5	7	
1438	0	1	2		3	4	
1439	2	3	4		5		6
1440	0	1	2	3	4	6	7
1441	2	3	4		5		
1442	2	3	4	5	6		
1443	3	4	5	6	7		
1444	0	1	2	3	4	6	7
1445	2	3	4		5	6	
1446	3	4	5		6	8	
1447	1	2	3		4		
1448	0	1	2		3	4	
1449	2	3	4	5	6		
1450	0	1	2		3	4	
1451	1	2	3	4	5	7	
1452	0	1	2		3	4	5
1453	0	1	2		3		5
1454	2	3	4	5	6	7	8
1455	1	2	3		4		5
1456	2	3	4		5	7	
1457	0	1	2	3	4	6	
1458	0	1	2	3	4		
1459	3	4	5	6	7		
1460	3	4	5	6	7		
1461	0	1	2	3	4		5
1462	1	2	3		4	6	
1463	0	1	2	3	4		6
1464	3	4	5		6		
1465	1	2	3	4	5	7	
1466	0	1	2		3		4
1467	0	1	2		3		
1468	2	3	4	5	6		7
1469	1	2	3	4	5	7	
1470	2	3	4	5	6		
1471	0	1	2		3		
1472	3	4	5		6		8
1473	1	2	3		4	6	7
1474	2	3	4	5	6	7	8
1475	2	3	4	5	6		
1476	1	2	3		4	5	6
1477	0	1	2	3	4	5	
1478	2	3	4		5		6
1479	0	1	2		3	4	5
1480	0	1	2		3	4	
1481	0	1	2		3		
1482	1	2	3		4	5	
1483	0	1	2		3	4	
1484	2	3	4		5	6	7
1485	0	1	2	3	4		6
1486	1	2	3		4	5	
1487	3	4	5	6	7	8	9
1488	2	3	4		5	7	8
1489	2	3	4	5	6	8	9
1490	1	2	3		4		5
1491	0	1	2	3	4	5	6
1492	1	2	3	4	5	7	8
1493	2	3	4		5	7	
1494	0	1	2		3	5	
1495	1	2	3		4		6
1496	1	2	3		4	6	7
1497	0	1	2		3	4	
1498	1	2	3		4	5	
1499	0	1	2	3	4		
1500	2	3	4		5		
1501	0	1	2		4	5	
1502	0	1	2		3	4	5
1503	0	1	2	3	4		
1504	2	3	4	5	6		7
1505	1	2	3		4	5	
1506	1	2	3	4	5	6	7
1507	0	1	2		3		
1508	2	3	4		5	6	7
1509	2	3	4		6	7	
1510	2	3	4		5		7
1511	1	2	3		4	6	7
1512	2	3	4	5	6		7
1513	1	2	3		4		
1514	1	2	3		4		
1515	2	3	4	5	6	8	
1516	0	1	2		3		4
1517	3	4	5	6	7		
1518	1	2	3	4	5	7	
1519	2	3	4		5	6	
1520	0	1	2		3		4
1521	0	1	2		3		
1522	2	3	4		5		
1523	1	2	3		4	6	
1524	1	2	3	4	5	6	7
1525	3	4	5		6		7
1526	2	3	4		5	6	
1527	0	1	2		3		4
1528	3	4	5		6	8	9
1529	0	1	2	3	4		
1530	0	1	2	3	4	5	6
1531	3	4	5	6	7	8	
1532	1	2	3		4	5	6
1533	0	1	2	3	4		
1534	0	1	2	3	4		5
1535	2	3	4		5		7
1536	1	2	3		4	5	
1537	0	1	2	3	4		6
1538	0	1	2		3	4	
1539	0	1	2	3	4		6
1540	1	2	3		4		5
1541	0	1	2		3		4
1542	1	2	3	4	5	6	
1543	0	1	2	3	4	6	
1544	0	1	2	3	4	5	6
1545	1	2	3	4	5	6	
1546	1	2	3		4		
1547	2	3	4	5	6		
1548	0	1	2		3	5	6
1549	1	2	3	4	5		7
1550	3	4	5		6		7
1551	2	3	4	5	6	7	
1552	0	1	2	3	4		5
1553	2	3	4		5		
1554	1	2	3		4		
1555	1	2	3		4		
1556	0	1	2		3		5
1557	1	2	3		4	6	7
1558	3	4	5		6	8	9
1559	2	3	4	5	6	7	8
1560	1	2	3		4	5	
1561	2	3	4	5	6		7
1562	0	1	2	3	4		6
1563	2	3	4	5	6	7	8
1564	1	2	3		4	6	7
1565	1	2	3		4	5	6
1566	1	2	3	4	5	7	
1567	0	1	2		3	5	
1568	2	3	4	5	6		
1569	2	3	4		5	6	
1570	0	1	2		3		
1571	1	2	3		4	5	
1572	2	3	4		5		6
1573	0	1	2	3	4		5
1574	1	2	3	4	5	6	
1575	1	2	3		4		
1576	2	3	4	5	6		
1577	1	2	3	4	5	6	
1578	0	1	2		3	4	
1579	2	3	4		5	6	7
1580	1	2	3		4		6
1581	3	4	5		6		7
1582	0	1	2	3	4		5
1583	1	2	3		4	6	
1584	0	1	2		3	4	5
1585	0	1	2		3		
1586	2	3	4		5		7
1587	0	1	2	3	4	5	
1588	0	1	2	3	4	5	6
1589	3	4	5		6		7
1590	0	1	2		3	5	6
1591	0	1	2		3		
1592	2	3	4		5	7	
1593	1	2	3	4	5		
1594	0	1	2		3	4	5
1595	1	2	3		4	5	
1596	2	3	4	5	6		
1597	2	3	4		5	6	
1598	0	1	2		3	4	
1599	3	4	5		6		
1600	2	3	4		5		
1601	0	1	2	3	4	5	
1602	2	3	4		5	6	7
1603	0	1	2		3		4
1604	1	2	3	4	5	6	
1605	1	2	3		4		6
1606	1	2	3	4	5	6	
1607	0	1	2		4	6	7
1608	0	1	2		3	5	6
1609	1	2	3		4		6
1610	3	4	5	6	7		
1611	2	3	4		5		6
1612	2	3	4	5	6	7	
1613	3	4	5		6		7
1614	1	2	3		4		5
1615	0	1	2	3	4	6	7
1616	0	1	2		3	4	
1617	1	2	3	4	5		6
1618	1	2	3		4		
1619	1	2	3		4	5	6
1620	2	3	4	5	6		8
1621	2	3	4		5	6	
1622	0	1	2	3	4		5
1623	1	2	3	4	5		
1624	0	1	2	3	4	5	6
1625	0	1	2		3		
1626	0	1	2		3		5
1627	1	2	3	4	5		
1628	3	4	5	6	7		8
1629	0	1	2	3	4		5
1630	0	1	2	3	4		
1631	3	4	5	6	7		
1632	1	2	3		4	5	6
1633	2	3	4		5	7	8
1634	2	3	4		5		7
1635	2	3	4		5		6
1636	0	1	2	3	4		
1637	3	4	5	6	7		8
1638	2	3	4	5	6		
1639	1	2	3	4	5	6	
1640	1	2	3	4	5		
1641	0	1	2		3		
1642	0	1	2	3	4	5	
1643	2	3	4	5	6	8	
1644	2	3	4	5	6	8	9
1645	0	1	2		3	4	
1646	2	3	4		5		6
1647	2	3	4		5	7	
1648	3	4	5		6		8
1649	1	2	3	4	5	6	7
1650	3	4	5		6		
1651	0	1	2		3		
1652	0	1	2	3	4	5	6
1653	0	1	2		3	4	5
1654	3	4	5	6	7	8	
1655	1	2	3	4	5	7	8
1656	3	4	5		6	7	8
1657	0	1	2		3	4	5
1658	3	4	5		6	7	8
1659	2	3	4		5		
1660	0	1	2		3		5
1661	0	1	2	3	4		
1662	0	1	2		3	5	
1663	2	3	4	5	6	7	
1664	0	1	2		3		
1665	0	1	2	3	4		5
1666	0	1	2	3	4	6	
1667	1	2	3		4	5	6
1668	0	1	2	3	4	6	7
1669	1	2	3	4	5		6
1670	1	2	3		4	5	6
1671	0	1	2	3	4		
1672	0	1	2	3	4	5	6
1673	3	4	5	6	7	9	10
1674	1	2	3	4	5		6
1675	1	2	3		4	5	
1676	1	2	3		4	5	6
1677	2	3	4	5	6		8
1678	1	2	3	4	5	7	
1679	0	1	2		3	4	5
1680	1	2	3	4	5		6
1681	2	3	4		5	6	
1682	2	3	4		5	6	7
1683	2	3	4		5	6	7
1684	0	1	2		3		4
1685	1	2	3		4		
1686	1	2	3	4	5		
1687	1	2	3	4	5		6
1688	0	1	2	3	4		
1689	2	3	4		5	6	
1690	1	2	3		4		
1691	2	3	4		5	6	7
1692	3	4	5	6	7		8
1693	0	1	2	3	4		5
1694	0	1	2	3	4		
1695	0	1	2	3	4		5
1696	0	1	2	3	4	5	
1697	1	2	3		4	5	
1698	1	2	3		4	5	
1699	3	4	5		6	7	8
1700	3	4	5	6	7		8
1701	1	2	3		4	5	
1702	0	1	2	3	4	5	6
1703	3	4	5		6		7
1704	0	1	2		3	4	
1705	2	3	4	5	6	7	
1706	0	1	2	3	4	5	
1707	2	3	4		5		7
1708	0	1	2	3	4		5
1709	2	3	4		5		7
1710	1	2	3	4	5	6	
1711	0	1	2	3	4		6
1712	1	2	3	4	5	6	7
1713	2	3	4		5		
1714	2	3	4		5	6	7
1715	3	4	5	6	7	8	
1716	1	2	3	4	5		6
1717	0	1	2	3	4		5
1718	1	2	3		4	6	
1719	3	4	5	6	7		9
1720	2	3	4		5		6
1721	2	3	4		5		
1722	2	3	4	5	6	7	8
1723	1	2	3		4		
1724	2	3	4	5	6		7
1725	1	2	3		4	6	
1726	1	2	3		4		
1727	3	4	5	6	7		9
1728	0	1	2		3		4
1729	3	4	5	6	7	8	9
1730	1	2	3		4		
1731	3	4	5		6		8
1732	2	3	4		5		7
1733	0	1	2	3	4	5	6
1734	3	4	5		6	7	8
1735	0	1	2	3	4		
1736	0	1	2		3		4
1737	1	2	3	4	5	6	7
1738	0	1	2	3	4	5	6
1739	1	2	3		4	5	
1740	3	4	5		6	7	
1741	3	4	5	6	7	8	
1742	1	2	3	4	5		6
1743	3	4	5		6		7
1744	0	1	2		3		4
1745	1	2	3		4		5
1746	3	4	5	6	7		8
1747	0	1	2	3	4	5	
1748	1	2	3		4	5	6
1749	1	2	3		4		6
1750	0	1	2	3	4		
1751	3	4	5	6	7	8	9
1752	2	3	4		5		
1753	0	1	2		3		
1754	2	3	4		5		6
1755	1	2	3		4	6	
1756	2	3	4	5	6		7
1757	0	1	2		3		
1758	1	2	3		4	6	
1759	1	2	3	4	5	6	7
1760	2	3	4		5		
1761	0	1	2	3	4		5
1762	1	2	3	4	5		7
1763	0	1	2		3	4	5
1764	3	4	5		6	7	
1765	0	1	2	3	4	5	
1766	0	1	2	3	4	5	
1767	3	4	5		6		
1768	0	1	2	3	4		5
1769	2	3	4		5		7
1770	0	1	2	3	4		
1771	0	1	2	3	4		5
1772	2	3	4	5	6	7	8
1773	2	3	4	5	6	8	
1774	0	1	2		3		
1775	1	2	3		4	5	6
1776	0	1	2		3	4	5
1777	3	4	5		6	7	8
1778	2	3	4		5		7
1779	0	1	2		3	4	
1780	0	1	2		3	5	6
1781	2	3	4	5	6	7	8
1782	0	1	2		3		4
1783	1	2	3	4	5		6
1784	2	3	4		5	6	
1785	2	3	4	5	6		
1786	1	2	3		4		6
1787	1	2	3		4	6	
1788	3	4	5	6	7		
1789	1	2	3		4	5	
1790	2	3	4		5	7	8
1791	3	4	5		6		
1792	0	1	2		3		
1793	1	2	3	4	5	6	7
1794	1	2	3		4	5	6
1795	0	1	2		3		
1796	2	3	4		5	6	
1797	2	3	4		5	6	7
1798	0	1	2	3	4		6
1799	1	2	3	4	5	6	
1800	2	3	4		5		6
1801	2	3	4	5	6	7	8
1802	0	1	2	3	4		5
1803	0	1	2		3	5	6
1804	3	4	5		6		7
1805	1	2	3		4	6	7
1806	1	2	3		4	5	6
1807	1	2	3		4	5	
1808	3	4	5	6	7	8	
1809	1	2	3		4		
1810	1	2	3	4	5	6	
1811	0	1	2	3	4		
1812	0	1	2		3		5
1813	1	2	3		4	6	
1814	3	4	5		6	8	9
1815	2	3	4		5	6	7
1816	1	2	3	4	5		6
1817	1	2	3		4		5
1818	2	3	4	5	6		8
1819	0	1	2	3	4		
1820	0	1	2		3	5	
1821	0	1	2		3	4	
1822	0	1	2		3	4	5
1823	2	3	4		5	6	
1824	0	1	2		3	5	6
1825	0	1	2		3		
1826	1	2	3		4		
1827	0	1	2		3		
1828	0	1	2	3	4		
1829	1	2	3	4	5	6	
1830	2	3	4	5	6	7	
1831	2	3	4		5	6	
1832	1	2	3	4	5	6	
1833	1	2	3		4		5
1834	0	1	2	3	4		
1835	0	1	2	3	4		
1836	1	2	3		4		6
1837	1	2	3	4	5	6	
1838	1	2	3		4	5	6
1839	2	3	4		5		
1840	1	2	3	4	5		6
1841	1	2	3	4	5	7	
1842	1	2	3	4	5		
1843	3	4	5	6	7		
1844	3	4	5	6	7	9	10
1845	1	2	3		4		5
1846	2	3	4	5	6		8
1847	1	2	3	4	5		6
1848	2	3	4		5	6	7
1849	0	1	2	3	4	5	6
1850	2	3	4		5	6	
1851	1	2	3		4		
1852	0	1	2	3	4		6
1853	0	1	2	3	4		6
1854	0	1	2	3	4	5	6
1855	2	3	4	5	6		7
1856	0	1	2		3	5	
1857	1	2	3		4		5
1858	1	2	3		4	5	6
1859	0	1	2	3	4	5	6
1860	0	1	2	3	4	5	
1861	1	2	3		4		5
1862	1	2	3		4	5	
1863	1	2	3	4	5		7
1864	1	2	3		4		5
1865	0	1	2		3		
1866	0	1	2	3	4	6	7
1867	0	1	2	3	4		5
1868	1	2	3		4	6	
1869	2	3	4		5		7
1870	0	1	2		3		
1871	1	2	3		4	5	6
1872	0	1	2	3	4	5	
1873	1	2	3	4	5	6	
1874	0	1	2		3		4
1875	2	3	4	5	6		7
1876	1	2	3		4		5
1877	0	1	2	3	4	5	6
1878	1	2	3	4	5		
1879	0	1	2		3	4	5
1880	1	2	3		4		5
1881	1	2	3		4		6
1882	0	1	2		3	4	
1883	1	2	3	4	5	6	7
1884	0	1	2	3	4	6	
1885	2	3	4		5		6
1886	3	4	5		6		
1887	2	3	4		5		
1888	0	1	2	3	4		
1889	2	3	4	5	6	7	8
1890	0	1	2		3		4
1891	0	1	2	3	4	5	6
1892	0	1	2		3		
1893	2	3	4		5		6
1894	0	1	2		3	4	5
1895	2	3	4		5		
1896	0	1	2		3		
1897	1	2	3		4		5
1898	3	4	5		6		
1899	2	3	4	5	6		
1900	1	2	3		4		
1901	3	4	5		6		8
1902	0	1	2		3	5	
1903	1	2	3		4	5	6
1904	1	2	3	4	5	6	
1905	2	3	4		5	6	
1906	0	1	2		3		
1907	0	1	2	3	4		
1908	2	3	4	5	6		7
1909	1	2	3	4	5	7	8
1910	0	1	2		3	4	
1911	1	2	3		4		5
1912	2	3	4		5		7
1913	1	2	3		4	5	
1914	0	1	2	3	4		5
1915	2	3	4		5	6	7
1916	0	1	2	3	4	5	
1917	1	2	3	4	5	6	7
1918	2	3	4	5	6		
1919	2	3	4	5	6	7	
1920	1	2	3	4	5		
1921	2	3	4		5	6	7
1922	2	3	4	5	6	8	9
1923	0	1	2	3	4		
1924	2	3	4		5	6	
1925	0	1	2		3		
1926	0	1	2	3	4	5	6
1927	2	3	4	5	6	7	8
1928	0	1	2		3	5	6
1929	0	1	2		3	4	5
1930	0	1	2		3	4	
1931	3	4	5		6	8	9
1932	0	1	2		3		
1933	0	1	2	3	4	6	
1934	0	1	2	3	4	5	6
1935	0	1	2		3	4	5
1936	2	3	4	5	6		8
1937	0	1	2		3	4	5
1938	2	3	4	5	6		8
1939	0	1	2	3	4		5
1940	2	3	4		5	6	7
1941	2	3	4		5		6
1942	0	1	2	3	4	5	6
1943	1	2	3		4	5	6
1944	3	4	5		6		
1945	0	1	2		3	4	5
1946	2	3	4	5	6	7	8
1947	3	4	5		6		7
1948	0	1	2	3	4	5	6
1949	0	1	2		3	4	5
1950	3	4	5		6	7	8
1951	2	3	4	5	6	8	
1952	0	1	2	3	4		
1953	2	3	4		5	6	7
1954	3	4	5		6	8	
1955	0	1	2		3		4
1956	0	1	2	3	4		
1957	2	3	4	5	6	7	
1958	1	2	3	4	5		
1959	0	1	2		3	5	
1960	2	3	4		5	6	7
1961	1	2	3	4	5		
1962	0	1	2		3		
1963	1	2	3	4	5		
1964	1	2	3	4	5		
1965	0	1	2	3	4		6
1966	2	3	4		5	6	7
1967	1	2	3	4	5		6
1968	0	1	2	3	4	5	6
1969	1	2	3		4	5	
1970	0	1	2	3	4	5	
1971	2	3	4		5		6
1972	0	1	2	3	4	5	6
1973	1	2	3		4		5
1974	3	4	5	6	7	8	9
1975	1	2	3		4		
1976	1	2	3	4	5		
1977	1	2	3	4	5		
1978	1	2	3	4	5	6	7
1979	0	1	2	3	4		6
1980	0	1	2	3	4		5
1981	1	2	3	4	5	7	
1982	2	3	4	5	6	7	8
1983	3	4	5	6	7	9	
1984	1	2	3	4	5		6
1985	1	2	3		4		
1986	2	3	4	5	6	7	8
1987	1	2	3	4	5	6	
1988	2	3	4	5	6	7	
1989	1	2	3	4	5		7
1990	3	4	5		6		
1991	0	1	2		3	5	6
1992	3	4	5	6	7	8	
1993	2	3	4		5	6	
1994	2	3	4	5	6		8
1995	2	3	4		5		
1996	0	1	2	3	4		6
1997	0	1	2	3	4	6	7
1998	3	4	5	6	7		9
1999	0	1	2	3	4	6	7
2000	1	2	3	4	5		6
2001	2	3	4		5	6	7
2002	0	1	2	3	4	6	
2003	0	1	2		3		
2004	1	2	3	4	5	7	
2005	1	2	3	4	5		
2006	2	3	4	5	6	7	
2007	0	1	2	3	4		5
2008	2	3	4		5		6
2009	1	2	3	4	5	6	7
2010	0	1	2		3		5
2011	0	1	2		3		5
2012	2	3	4	5	6		
2013	1	2	3		4		
2014	1	2	3	4	5		6
2015	2	3	4	5	6		7
2016	1	2	3		4	6	7
2017	2	3	4	5	6	8	9
2018	2	3	4		5	6	7
2019	1	2	3	4	5		
2020	2	3	4		5		
2021	0	1	2		3		
2022	0	1	2		3		4
2023	0	1	2		3	4	5
2024	0	1	2		3	4	5
2025	2	3	4	5	6		7
2026	1	2	3	4	5		
2027	1	2	3	4	5	6	7
2028	0	1	2	3	4		6
2029	3	4	5	6	7		
2030	3	4	5		6		7
2031	0	1	2	3	4	5	
2032	1	2	3		4	5	
2033	1	2	3		4	5	
2034	0	1	2		3	4	5
2035	1	2	3	4	5	6	7
2036	3	4	5	6	7	8	9
2037	0	1	2		3	4	5
2038	0	1	2	3	4		
2039	2	3	4	5	6		7
2040	1	2	3		4	5	6
2041	2	3	4	5	6		8
2042	1	2	3		4		5
2043	1	2	3		4	5	6
2044	0	1	2	3	4	5	
2045	2	3	4		5	6	7
2046	0	1	2	3	4	5	6
2047	0	1	2		3	4	
2048	0	1	2		3	5	
2049	0	1	2	3	4	5	6
2050	1	2	3		4		5
2051	0	1	2		3	5	6
2052	0	1	2	3	4		
2053	2	3	4	5	6		
2054	2	3	4		5		
2055	3	4	5	6	7	8	
2056	1	2	3		4		
2057	3	4	5		6		
2058	2	3	4	5	6	8	
2059	2	3	4		5		6
2060	0	1	2	3	4	5	6
2061	2	3	4	5	6		7
2062	1	2	3		4	5	6
2063	1	2	3		4	5	
2064	1	2	3		4	5	6
2065	0	1	2	3	4		5
2066	0	1	2	3	4		5
2067	1	2	3		4		6
2068	2	3	4		5		
2069	0	1	2	3	4		
2070	2	3	4	5	6		
2071	2	3	4	5	6		
2072	3	4	5		6		
2073	2	3	4		5		7
2074	3	4	5	6	7		
2075	2	3	4		5		6
2076	0	1	2		3	4	
2077	1	2	3		4		5
2078	3	4	5		6	7	
2079	0	1	2		3	4	
2080	1	2	3		4	6	
2081	0	1	2		3		
2082	0	1	2		3	4	5
2083	0	1	2		3	4	5
2084	2	3	4	5	6		8
2085	1	2	3	4	5		
2086	3	4	5	6	7	8	9
2087	0	1	2	3	4		5
2088	0	1	2		3		4
2089	0	1	2	3	4		5
2090	1	2	3	4	5	7	8
2091	1	2	3	4	5	7	
2092	1	2	3	4	5	6	7
2093	1	2	3		4	5	6
2094	1	2	3	4	5	6	
2095	2	3	4		5		
2096	1	2	3		4	6	7
2097	1	2	3		4	5	
2098	0	1	2		3		4
2099	0	1	2	3	4	5	
2100	2	3	4	5	6		8
2101	0	1	2	3	4	5	6
2102	3	4	5		6		8
2103	0	1	2		3	4	
2104	1	2	3		4	6	7
2105	2	3	4		5	7	8
2106	0	1	2		3		4
2107	3	4	5		6		
2108	0	1	2		3		
2109	0	1	2		3		4
2110	2	3	4		5		
2111	1	2	3		4	6	7
2112	1	2	3		4	6	
2113	0	1	2	3	4	5	6
2114	2	3	4	5	6		
2115	1	2	3	4	5	7	8
2116	1	2	3		4		
2117	2	3	4		5		6
2118	0	1	2		3	5	6
2119	1	2	3		4	5	
2120	2	3	4	5	6		
2121	0	1	2	3	4	5	6
2122	0	1	2		3	5	6
2123	1	2	3	4	5		6
2124	2	3	4		5		
2125	0	1	2		3	4	5
2126	3	4	5	6	7		
2127	1	2	3	4	5	7	8
2128	0	1	2	3	4		5
2129	2	3	4	5	6	8	9
2130	0	1	2		3	4	5
2131	0	1	2		3		
2132	0	1	2		4	5	6
2133	0	1	2		3		4
2134	0	1	2	3	4		5
2135	0	1	2		3	4	
2136	3	4	5	6	7		
2137	0	1	2		3	4	
2138	2	3	4	5	6	7	
2139	3	4	5	6	7	8	
2140	2	3	4	5	6		8
2141	3	4	5	6	7		8
2142	2	3	4		5	6	
2143	0	1	2	3	4	6	7
2144	0	1	2	3	4		
2145	1	2	3	4	5	6	7
2146	2	3	4		5	6	7
2147	1	2	3	4	5		
2148	1	2	3	4	5		
2149	2	3	4		5	6	7
2150	2	3	4	5	6		
2151	0	1	2	3	4		
2152	2	3	4	5	6		
2153	2	3	4	5	6	8	9
2154	0	1	2	3	4	5	
2155	1	2	3	4	5	6	
2156	2	3	4		5	7	8
2157	1	2	3	4	5	6	
2158	0	1	2		3		5
2159	3	4	5		6	7	
2160	1	2	3	4	5	6	7
2161	0	1	2	3	4	5	6
2162	0	1	2	3	4	6	
2163	2	3	4		5		6
2164	2	3	4		5		6
2165	1	2	3	4	5		6
2166	1	2	3	4	5	7	
2167	0	1	2		3		5
2168	2	3	4	5	6		7
2169	2	3	4	5	6	8	
2170	0	1	2		3		5
2171	0	1	2		3	5	6
2172	1	2	3		4	5	6
2173	2	3	4	5	6	7	8
2174	0	1	2	3	4	5	6
2175	2	3	4		5	7	
2176	0	1	2	3	4		5
2177	0	1	2		3	5	6
2178	0	1	2	3	4	5	6
2179	0	1	2		3		4
2180	0	1	2	3	4	5	
2181	1	2	3		4		5
2182	0	1	2		3		4
2183	3	4	5	6	7	8	9
2184	1	2	3	4	5		
2185	0	1	2		3		4
2186	2	3	4	5	6		8
2187	0	1	2	3	4	5	
2188	2	3	4	5	6	8	9
2189	1	2	3	4	5		6
2190	0	1	2	3	4	5	6
2191	1	2	3	4	5		
2192	3	4	5	6	7		8
2193	1	2	3		4	5	6
2194	2	3	4		5	7	8
2195	0	1	2	3	4		
2196	0	1	2	3	4		5
2197	0	1	2	3	4		5
2198	2	3	4		5		7
2199	2	3	4	5	6		8
2200	1	2	3		4	6	
2201	0	1	2		3		
2202	1	2	3		4		
2203	3	4	5		6		
2204	3	4	5	6	7		9
2205	0	1	2	3	4		
2206	1	2	3	4	5		7
2207	0	1	2	3	4	5	
2208	1	2	3		4		
2209	2	3	4		5		
2210	0	1	2	3	4	6	
2211	2	3	4	5	6		
2212	3	4	5	6	7	9	
2213	0	1	2	3	4		
2214	0	1	2		3	4	
2215	3	4	5	6	7	8	
2216	1	2	3	4	5		
2217	2	3	4	5	6		
2218	2	3	4		5		
2219	2	3	4		5		6
2220	3	4	5		6		8
2221	0	1	2	3	4	5	6
2222	1	2	3		4		
2223	1	2	3		4		
2224	2	3	4		5		
2225	0	1	2		3	4	5
2226	2	3	4		5	7	
2227	1	2	3		5		7
2228	2	3	4	5	6		7
2229	1	2	3	4	5		
2230	1	2	3		4	5	6
2231	2	3	4		5		
2232	0	1	2		3	5	
2233	1	2	3	4	5	7	
2234	1	2	3	4	5		6
2235	1	2	3		4	5	
2236	1	2	3		4	5	
2237	1	2	3		4	6	
2238	3	4	5		6		
2239	3	4	5		6		
2240	1	2	3		4		5
2241	0	1	2	3	4	6	
2242	3	4	5	6	7		
2243	0	1	2		3		4
2244	1	2	3		4	5	6
2245	0	1	2		3	5	6
2246	1	2	3		4	6	7
2247	2	3	4		5		6
2248	0	1	2	3	4		
2249	0	1	2		3	4	5
2250	1	2	3		4		
2251	2	3	4	5	6		
2252	1	2	3		4		
2253	2	3	4		5	6	
2254	2	3	4		5	7	
2255	0	1	2	3	4	5	
2256	2	3	4	5	6	7	
2257	2	3	4	5	6	7	8
2258	1	2	3	4	5	6	
2259	0	1	2		3		
2260	3	4	5	6	7		8
2261	0	1	2	3	4		
2262	0	1	2		3		5
2263	0	1	2	3	4		
2264	2	3	4	5	6		8
2265	2	3	4		5		
2266	0	1	2	3	4	6	
2267	0	1	2		3	5	6
2268	2	3	4		5	6	7
2269	0	1	2		3		4
2270	1	2	3	4	5	7	
2271	0	1	2		3	4	
2272	0	1	2	3	4	6	
2273	0	1	2	3	4	5	6
2274	2	3	4	5	6		8
2275	2	3	4	5	6		
2276	0	1	2		3		4
2277	2	3	4		5	7	8
2278	2	3	4		5	7	
2279	0	1	2		3		
2280	0	1	2		3		4
2281	0	1	2		3		5
2282	0	1	2	3	4	6	7
2283	0	1	2	3	4		
2284	0	1	2		3	4	5
2285	0	1	2		3	5	
2286	0	1	2	3	4	6	7
2287	3	4	5		6		8
2288	3	4	5	6	7	9	
2289	1	2	3	4	5		
2290	2	3	4		5		7
2291	2	3	4	5	6		
2292	0	1	2	3	4		6
2293	0	1	2	3	4	5	
2294	0	1	2		3		4
2295	0	1	2	3	4		
2296	0	1	2	3	4	5	
2297	3	4	5	6	7		
2298	3	4	5		6	7	
2299	0	1	2		3		4
2300	0	1	2		3	4	5
2301	1	2	3	4	5	6	
2302	0	1	2		3		5
2303	3	4	5	6	7	8	9
2304	1	2	3		4		
2305	0	1	2	3	4	6	
2306	2	3	4	5	6	7	
2307	0	1	2	3	4		6
2308	1	2	3		4	5	
2309	1	2	3		4	5	
2310	2	3	4	5	6	7	8
2311	2	3	4	5	6		
2312	1	2	3	4	5	6	
2313	2	3	4	5	6	8	
2314	1	2	3		4	5	
2315	0	1	2	3	4		6
2316	2	3	4		5	6	7
2317	1	2	3	4	5		6
2318	1	2	3	4	5	6	7
2319	0	1	2		3	4	5
2320	0	1	2		3		4
2321	3	4	5		6		7
2322	2	3	4		5		6
2323	0	1	2		3	4	
2324	1	2	3	4	5	6	7
2325	1	2	3	4	5		6
2326	0	1	2		3		
2327	0	1	2		3		5
2328	3	4	5		6		
2329	0	1	2		3	5	6
2330	0	1	2	3	4		5
2331	0	1	2		3	5	6
2332	2	3	4		5	6	7
2333	3	4	5		6	8	
2334	0	1	2	3	4	5	
2335	0	1	2		3	4	
2336	1	2	3	4	5	7	8
2337	0	1	2	3	4	6	
2338	0	1	2		3		
2339	0	1	2		3	4	5
2340	0	1	2		3		
2341	2	3	4	5	6	7	
2342	2	3	4	5	6	7	
2343	3	4	5	6	7	8	
2344	2	3	4		5	6	
2345	2	3	4	5	6		8
2346	1	2	3	4	5		6
2347	2	3	4	5	6		
2348	0	1	2	3	4		
2349	3	4	5	6	7	9	
2350	0	1	2		3	4	
2351	1	2	3		4		6
2352	1	2	3		4	6	7
2353	0	1	2	3	4	5	6
2354	0	1	2		3	4	5
2355	0	1	2	3	4	5	6
2356	0	1	2	3	4		6
2357	1	2	3	4	5	6	
2358	0	1	2	3	4		
2359	0	1	2		3		4
2360	1	2	3	4	5	7	
2361	2	3	4		5		6
2362	3	4	5	6	7		
2363	1	2	3	4	5		
2364	3	4	5	6	7		8
2365	3	4	5	6	7		
2366	0	1	2		3		
2367	2	3	4	5	6	7	8
2368	0	1	2	3	4	5	
2369	2	3	4		5		
2370	0	1	2		3	5	6
2371	0	1	2	3	4		
2372	2	3	4		5		7
2373	1	2	3		4		5
2374	0	1	2		3	5	
2375	0	1	2		3	4	
2376	2	3	4		5	6	7
2377	0	1	2	3	4	6	
2378	2	3	4	5	6		
2379	3	4	5	6	7	9	
2380	2	3	4		5	6	
2381	2	3	4	5	6	7	8
2382	2	3	4		5	6	
2383	2	3	4	5	6		7
2384	2	3	4		5	6	7
2385	2	3	4		5	6	7
2386	2	3	4		5		7
2387	0	1	2		3		
2388	0	1	2	3	4		5
2389	0	1	2	3	4		6
2390	3	4	5		6	7	
2391	0	1	2		3	4	
2392	0	1	2		3	4	5
2393	1	2	3	4	5	7	8
2394	1	2	3		4		5
2395	2	3	4	5	6		
2396	0	1	2		3		4
2397	2	3	4		5	6	7
2398	2	3	4	5	6	7	8
2399	2	3	4		5		
2400	0	1	2	3	4	6	
2401	2	3	4		5		
2402	2	3	4		5		
2403	0	1	2	3	4		
2404	0	1	2		3	4	5
2405	2	3	4	5	6	8	9
2406	1	2	3	4	5	6	
2407	2	3	4		5		
2408	3	4	5	6	7		9
2409	0	1	2		3	4	5
2410	1	2	3		4	5	
2411	0	1	2		3	4	5
2412	0	1	2	3	4		
2413	2	3	4	5	6	8	
2414	0	1	2		3	5	6
2415	2	3	4		5	6	7
2416	0	1	2	3	4		6
2417	2	3	4	5	6	7	
2418	1	2	3		4		6
2419	0	1	2		3	4	
2420	2	3	4		5	6	7
2421	0	1	2		3		
2422	0	1	2		3	4	5
2423	1	2	3	4	5	7	8
2424	0	1	2		3		
2425	1	2	3		4	5	6
2426	2	3	4	5	6		
2427	2	3	4	5	6	7	
2428	2	3	4	5	6	8	
2429	3	4	5	6	7		
2430	0	1	2	3	4		
2431	1	2	3	4	5	7	
2432	2	3	4	5	6		7
2433	0	1	2	3	4		5
2434	0	1	2		3	4	5
2435	1	2	3		5	6	7
2436	3	4	5		6		7
2437	0	1	2	3	4	5	
2438	2	3	4		5	6	7
2439	2	3	4		5		
2440	0	1	2		3		
2441	0	1	2		3		5
2442	2	3	4	5	6	8	
2443	1	2	3		4	5	6
2444	3	4	5	6	7		
2445	2	3	4		5		
2446	0	1	2		3		
2447	2	3	4		5		6
2448	3	4	5		6		7
2449	2	3	4	5	6		7
2450	3	4	5	6	7	9	10
2451	0	1	2		3	4	5
2452	0	1	2	3	4		5
2453	1	2	3	4	5		
2454	1	2	3		4		
2455	0	1	2		3		
2456	0	1	2		3	4	5
2457	1	2	3		4		
2458	2	3	4		5	6	7
2459	1	2	3		4		
2460	0	1	2		3	5	
2461	0	1	2		3	4	
2462	3	4	5		6		7
2463	2	3	4		5	6	7
2464	3	4	5	6	7		
2465	0	1	2		3		
2466	1	2	3		4	5	
2467	1	2	3		4		5
2468	0	1	2		3	5	6
2469	3	4	5	6	7		
2470	1	2	3		4	6	
2471	2	3	4		5		
2472	0	1	2	3	4		5
2473	0	1	2		3	4	
2474	1	2	3		4		5
2475	0	1	2		3		4
2476	1	2	3	4	5	6	7
2477	1	2	3	4	5	6	7
2478	2	3	4		5	7	
2479	2	3	4		5		6
2480	0	1	2	3	4		
2481	3	4	5	6	7	8	9
2482	1	2	3		4		5
2483	2	3	4		5	6	
2484	2	3	4		5	6	7
2485	2	3	4		5		6
2486	1	2	3	4	5	7	8
2487	1	2	3	4	5		
2488	3	4	5		6		
2489	0	1	2	3	4	5	6
2490	3	4	5		6	8	
2491	0	1	2	3	4	5	
2492	1	2	3		4		5
2493	3	4	5		6	7	
2494	3	4	5	6	7		9
2495	0	1	2		3	4	
2496	0	1	2		3		
2497	0	1	2	3	4	6	
2498	3	4	5	6	7		
2499	0	1	2		3	5	
2500	0	1	2		3		4
2501	2	3	4	5	6	8	9
2502	1	2	3		4	5	
2503	0	1	2		3	5	6
2504	0	1	2	3	4		6
2505	0	1	2		3		
2506	1	2	3	4	5		
2507	1	2	3	4	5		
2508	2	3	4		5		7
2509	0	1	2		3	4	
2510	3	4	5	6	7		8
2511	0	1	2	3	4	5	
2512	0	1	2	3	4		
2513	1	2	3		4		
2514	2	3	4	5	6	8	9
2515	2	3	4		5		6
2516	0	1	2		3		
2517	2	3	4		5		
2518	0	1	2	3	4		5
2519	0	1	2		3	4	5
2520	0	1	2		3	4	
2521	1	2	3	4	5		7
2522	1	2	3	4	5		
2523	3	4	5		6		
2524	1	2	3	4	5		
2525	0	1	2	3	4	5	6
2526	0	1	2		3	5	6
2527	2	3	4	5	6		
2528	2	3	4	5	6		7
2529	0	1	2		3	4	5
2530	1	2	3		4	6	
2531	0	1	2	3	4		6
2532	0	1	2	3	4		
2533	3	4	5	6	7	8	
2534	1	2	3		4	6	
2535	0	1	2	3	4		
2536	2	3	4		5		
2537	1	2	3		4		
2538	2	3	4		5		6
2539	1	2	3	4	5	6	7
2540	1	2	3		4		5
2541	1	2	3	4	5		7
2542	2	3	4	5	6		
2543	2	3	4	5	6		
2544	1	2	3	4	5	7	
2545	1	2	3		4	6	7
2546	2	3	4	5	6		
2547	1	2	3		4	5	
2548	0	1	2	3	4	6	
2549	1	2	3		4	5	
2550	3	4	5	6	7	8	
2551	3	4	5		6	7	8
2552	0	1	2	3	4		
2553	0	1	2	3	4		6
2554	1	2	3		4	6	7
2555	0	1	2	3	4	6	
2556	1	2	3		4		
2557	0	1	2	3	4	5	
2558	0	1	2		3	4	
2559	3	4	5		6	7	
2560	2	3	4	5	6	7	8
2561	0	1	2	3	4		5
2562	0	1	2	3	4		5
2563	1	2	3	4	5	6	7
2564	0	1	2		4	5	6
2565	2	3	4		5		
2566	0	1	2		3		4
2567	2	3	4		5	6	
2568	0	1	2		3		4
2569	2	3	4		5	6	
2570	0	1	2		3		
2571	2	3	4		5		
2572	0	1	2		3		
2573	1	2	3		4		5
2574	0	1	2		3		
2575	0	1	2		3		
2576	3	4	5	6	7		9
2577	1	2	3		4	6	
2578	2	3	4		5	6	7
2579	0	1	2	3	4		
2580	0	1	2	3	4		
2581	0	1	2		3		
2582	3	4	5	6	7		8
2583	0	1	2	3	4	6	7
2584	0	1	2	3	4	5	6
2585	2	3	4	5	6		7
2586	0	1	2		3	4	5
2587	1	2	3	4	5	6	
2588	0	1	2	3	4	5	6
2589	1	2	3	4	5	6	
2590	2	3	4		5	7	
2591	1	2	3	4	5		6
2592	0	1	2		3		
2593	1	2	3	4	5	6	
2594	1	2	3		4	6	
2595	0	1	2	3	4		
2596	2	3	4	5	6	8	
2597	1	2	3		4	5	
2598	3	4	5	6	7	8	
2599	0	1	2		3		
2600	2	3	4	5	6	8	
2601	2	3	4	5	6	7	
2602	3	4	5		6	7	
2603	0	1	2		3		4
2604	0	1	2		3	4	
2605	1	2	3		4		5
2606	0	1	2	3	4	5	
2607	0	1	2	3	4		
2608	0	1	2	3	4	5	6
2609	1	2	3		5		6
2610	2	3	4		5	7	8
2611	0	1	2	3	4	6	
2612	1	2	3		4		5
2613	2	3	4	5	6		8
2614	2	3	4		5	7	
2615	2	3	4		5		7
2616	2	3	4		5	6	7
2617	1	2	3	4	5		
2618	0	1	2	3	4	6	7
2619	0	1	2		3	4	
2620	3	4	5	6	7		
2621	2	3	4		5		6
2622	2	3	4		5	6	7
2623	1	2	3		4		
2624	0	1	2	3	4	5	
2625	1	2	3		4	6	
2626	3	4	5		6	7	8
2627	2	3	4	5	6		
2628	0	1	2	3	4		6
2629	1	2	3	4	5	6	
2630	0	1	2		3	5	6
2631	0	1	2		3		
2632	2	3	4		5	6	7
2633	0	1	2	3	4		
2634	2	3	4		5	6	
2635	0	1	2		3	4	5
2636	0	1	2		3	4	
2637	3	4	5	6	7		8
2638	0	1	2	3	4		
2639	1	2	3	4	5	6	7
2640	1	2	3	4	5		7
2641	1	2	3		4		
2642	0	1	2	3	4		6
2643	0	1	2	3	4		
2644	1	2	3	4	5	6	7
2645	0	1	2		3	4	5
2646	1	2	3	4	5		
2647	0	1	2		3	4	5
2648	0	1	2		3	4	5
2649	1	2	3	4	5		
2650	0	1	2		3	4	
2651	3	4	5		6		
2652	0	1	2	3	4		6
2653	3	4	5		6	7	
2654	3	4	5	6	7		8
2655	0	1	2		3	4	5
2656	0	1	2		3		4
2657	0	1	2	3	4	5	
2658	3	4	5		6		8
2659	1	2	3		4		5
2660	1	2	3	4	5	6	7
2661	0	1	2		3		
2662	3	4	5	6	7		
2663	2	3	4		5		6
2664	3	4	5		6		8
2665	0	1	2		3		
2666	1	2	3		4	6	
2667	0	1	2		3		
2668	0	1	2		3		5
2669	0	1	2		3	4	5
2670	2	3	4		5	6	7
2671	0	1	2		3		4
2672	0	1	2		3		5
2673	2	3	4		5	6	
2674	0	1	2		3		
2675	1	2	3		4	5	6
2676	0	1	2	3	4	5	
2677	2	3	4		5		6
2678	2	3	4		5	7	8
2679	2	3	4	5	6		
2680	3	4	5		6		
2681	0	1	2	3	4	6	
2682	0	1	2		3	4	5
2683	0	1	2	3	4		
2684	1	2	3		4		5
2685	1	2	3	4	5	6	7
2686	1	2	3	4	5	6	7
2687	2	3	4	5	6	8	
2688	1	2	3		4	5	6
2689	0	1	2		3		4
2690	2	3	4	5	6	7	
2691	0	1	2		3	4	5
2692	0	1	2		3		
2693	0	1	2	3	4	6	
2694	2	3	4	5	6	7	8
2695	1	2	3		4		
2696	3	4	5	6	7		
2697	1	2	3	4	5	7	8
2698	0	1	2	3	4		5
2699	1	2	3		4		5
2700	2	3	4	5	6	7	8
2701	1	2	3	4	5		6
2702	0	1	2	3	4		5
2703	3	4	5	6	7		8
2704	0	1	2		3	4	5
2705	2	3	4		5		6
2706	0	1	2	3	4	6	7
2707	3	4	5		6		7
2708	1	2	3	4	5	6	7
2709	2	3	4		5		
2710	1	2	3	4	5	6	
2711	1	2	3	4	5		7
2712	1	2	3		4	5	6
2713	1	2	3	4	5		
2714	2	3	4	5	6		8
2715	0	1	2		3	4	
2716	3	4	5	6	7		9
2717	3	4	5		6		
2718	2	3	4		5	6	
2719	2	3	4	5	6		
2720	1	2	3	4	5		6
2721	0	1	2		3		5
2722	2	3	4		5	6	7
2723	1	2	3	4	5		6
2724	0	1	2		3	5	6
2725	1	2	3		4	5	
2726	0	1	2	3	4		
2727	1	2	3		4	6	7
2728	1	2	3	4	5		6
2729	3	4	5		6		
2730	2	3	4	5	6		7
2731	2	3	4		5	6	
2732	0	1	2	3	4		5
2733	1	2	3	4	5	7	
2734	0	1	2	3	4	5	
2735	1	2	3	4	5	7	8
2736	2	3	4		5	7	8
2737	0	1	2	3	4	6	
2738	1	2	3	4	5	6	7
2739	2	3	4	5	6	7	
2740	1	2	3	4	5	6	7
2741	0	1	2	3	4	5	
2742	1	2	3		4		
2743	3	4	5	6	7	8	9
2744	0	1	2	3	4		
2745	0	1	2		3		
2746	0	1	2		3		
2747	2	3	4		5		6
2748	1	2	3	4	5		
2749	1	2	3		4		5
2750	1	2	3	4	5		
2751	0	1	2		3	4	5
2752	3	4	5		6		
2753	1	2	3	4	5		
2754	0	1	2	3	4		
2755	0	1	2		3		4
2756	3	4	5		6		
2757	0	1	2	3	4		
2758	1	2	3		4	5	6
2759	1	2	3		4	5	6
2760	0	1	2	3	4	6	7
2761	0	1	2		3		
2762	2	3	4	5	6		
2763	1	2	3	4	5		
2764	2	3	4	5	6		
2765	0	1	2	3	4	6	
2766	0	1	2	3	4	6	7
2767	1	2	3		4	6	7
2768	0	1	2		3		5
2769	0	1	2	3	4		5
2770	0	1	2	3	4	5	6
2771	1	2	3		4		5
2772	1	2	3		4		
2773	0	1	2		3	5	
2774	0	1	2	3	4	5	6
2775	2	3	4		5		7
2776	0	1	2		3	5	
2777	0	1	2		3		
2778	3	4	5	6	7		8
2779	0	1	2	3	4	6	
2780	3	4	5		6		7
2781	2	3	4	5	6	8	9
2782	2	3	4		5		
2783	0	1	2	3	4	6	7
2784	1	2	3	4	5	6	
2785	2	3	4	5	6	7	8
2786	0	1	2	3	4	5	6
2787	1	2	3		4	5	
2788	3	4	5	6	7	8	
2789	1	2	3		4		6
2790	0	1	2	3	4		5
2791	1	2	3		4	6	
2792	0	1	2	3	4	6	7
2793	0	1	2		3		
2794	0	1	2	3	4	6	7
2795	2	3	4	5	6		8
2796	0	1	2		3	4	5
2797	1	2	3		4		5
2798	2	3	4	5	6		
2799	1	2	3	4	5		7
2800	2	3	4		5		
2801	0	1	2		3	4	
2802	2	3	4	5	6		
2803	1	2	3		4	6	7
2804	3	4	5	6	7	8	9
2805	3	4	5	6	7	8	9
2806	0	1	2	3	4	5	6
2807	2	3	4	5	6	8	9
2808	0	1	2	3	4		
2809	1	2	3	4	5	7	8
2810	1	2	3		4	5	
2811	0	1	2	3	4	5	6
2812	2	3	4		5		
2813	0	1	2	3	4	5	
2814	2	3	4		5		
2815	2	3	4		5	6	
2816	3	4	5		6		8
2817	1	2	3		4		
2818	3	4	5	6	7	8	
2819	2	3	4		5	6	7
2820	1	2	3	4	5		7
2821	1	2	3		4	5	
2822	1	2	3	4	5	6	7
2823	1	2	3		4		5
2824	0	1	2	3	4	5	
2825	0	1	2		3	5	6
2826	2	3	4	5	6	7	8
2827	1	2	3	4	5	7	
2828	1	2	3	4	5		7
2829	0	1	2		3	4	5
2830	1	2	3		4	5	6
2831	2	3	4		5		
2832	0	1	2		3		5
2833	1	2	3	4	5	7	
2834	0	1	2		3	4	
2835	0	1	2		3	5	6
2836	3	4	5	6	7	9	10
2837	2	3	4		5	7	8
2838	3	4	5		6		
2839	1	2	3		4		5
2840	2	3	4	5	6		8
2841	1	2	3	4	5	6	7
2842	0	1	2		3		
2843	0	1	2		3		
2844	0	1	2		3		
2845	2	3	4	5	6	7	8
2846	1	2	3	4	5	6	
2847	2	3	4		5		
2848	2	3	4		5		
2849	0	1	2		3	5	6
2850	1	2	3		4		5
2851	3	4	5	6	7		8
2852	0	1	2		3	4	
2853	0	1	2	3	4	5	6
2854	0	1	2		3		
2855	0	1	2		3		
2856	2	3	4		5		6
2857	1	2	3	4	5		7
2858	0	1	2	3	4		5
2859	0	1	2	3	4		
2860	2	3	4		5	7	
2861	2	3	4	5	6		
2862	1	2	3	4	5	6	
2863	1	2	3		4		5
2864	3	4	5		6		7
2865	2	3	4	5	6	7	
2866	1	2	3	4	5		
2867	2	3	4	5	6		7
2868	0	1	2	3	4		
2869	2	3	4		5		
2870	0	1	2	3	4	6	
2871	1	2	3	4	5	6	7
2872	0	1	2	3	4		5
2873	1	2	3		4	5	6
2874	2	3	4		5	6	7
2875	0	1	2		3	5	
2876	1	2	3		4		
2877	2	3	4		5		
2878	0	1	2		3		
2879	1	2	3		4		6
2880	3	4	5	6	7	8	9
2881	1	2	3		4	6	
2882	1	2	3	4	5		6
2883	0	1	2	3	4		5
2884	0	1	2		3		4
2885	0	1	2		3		4
2886	0	1	2		3	4	5
2887	0	1	2	3	4	5	
2888	1	2	3		4	6	7
2889	0	1	2		3		4
2890	3	4	5		6	7	8
2891	0	1	2	3	4		
2892	0	1	2		3	4	5
2893	3	4	5	6	7	8	
2894	0	1	2		3		4
2895	0	1	2	3	4	5	6
2896	1	2	3		4	5	6
2897	0	1	2		3		
2898	2	3	4	5	6	7	8
2899	1	2	3	4	5	6	7
2900	2	3	4	5	6		
2901	2	3	4		5		
2902	1	2	3	4	5		6
2903	2	3	4	5	6	7	8
2904	2	3	4		5		6
2905	1	2	3		4	6	7
2906	2	3	4		5	6	
2907	1	2	3		4	6	7
2908	1	2	3		4	5	6
2909	3	4	5		6		
2910	0	1	2	3	4	6	7
2911	0	1	2		3		4
2912	0	1	2	3	4		5
2913	2	3	4	5	6		
2914	3	4	5	6	7		
2915	2	3	4	5	6		7
2916	1	2	3		4	5	6
2917	2	3	4		6		
2918	0	1	2	3	4	6	7
2919	3	4	5		6	7	8
2920	0	1	2		3		
2921	0	1	2	3	4	5	
2922	0	1	2	3	4	5	
2923	2	3	4	5	6		7
2924	0	1	2	3	4		
2925	0	1	2		3		5
2926	0	1	2		3	4	5
2927	0	1	2		3	5	6
2928	0	1	2		3		
2929	1	2	3	4	5	6	
2930	2	3	4	5	6	7	8
2931	2	3	4	5	6	8	9
2932	2	3	4		5	7	
2933	2	3	4	5	6		
2934	2	3	4		5	6	
2935	0	1	2		3		4
2936	2	3	4		5	6	
2937	0	1	2		3		4
2938	2	3	4		5	6	
2939	0	1	2		3		4
2940	2	3	4	5	6	7	
2941	3	4	5	6	7	8	
2942	0	1	2		3	4	5
2943	2	3	4		5	7	
2944	0	1	2		3		4
2945	0	1	2	3	4	5	6
2946	1	2	3		4	6	
2947	2	3	4		5	6	7
2948	2	3	4	5	6	8	9
2949	2	3	4		5	6	7
2950	0	1	2		3		
2951	3	4	5	6	7	9	
2952	1	2	3	4	5		
2953	1	2	3	4	5		7
2954	0	1	2		3	4	5
2955	3	4	5		6	8	9
2956	0	1	2	3	4		6
2957	3	4	5		6		8
2958	2	3	4		5		7
2959	1	2	3	4	5		7
2960	0	1	2	3	4	5	6
2961	1	2	3		4	6	
2962	0	1	2		3	4	
2963	0	1	2		3		
2964	0	1	2		3	4	5
2965	1	2	3		4		6
2966	3	4	5	6	7	8	9
2967	0	1	2		3		
2968	0	1	2	3	4		5
2969	0	1	2	3	4		
2970	2	3	4		5	6	
2971	2	3	4		5		
2972	0	1	2		3		4
2973	3	4	5	6	7		
2974	0	1	2		3	5	
2975	1	2	3	4	5		
2976	0	1	2	3	4		6
2977	3	4	5	6	7	8	
2978	0	1	2		3	4	
2979	1	2	3		4		5
2980	0	1	2		3	4	5
2981	0	1	2		3		5
2982	0	1	2		3		
2983	2	3	4		5		6
2984	1	2	3		4		5
2985	2	3	4		5	6	7
2986	2	3	4		5	7	8
2987	1	2	3	4	5	6	
2988	2	3	4		5	6	7
2989	2	3	4	5	6	8	9
2990	2	3	4	5	6	8	
2991	2	3	4		5		6
2992	0	1	2		3		5
2993	1	2	3		4	5	6
2994	1	2	3	4	5	6	
2995	0	1	2	3	4		5
2996	1	2	3		4	5	6
2997	0	1	2	3	4	5	6
2998	2	3	4	5	6	8	
2999	2	3	4	5	6		7
3000	0	1	2		3	5	
3001	0	1	2		3	5	6
3002	0	1	2	3	4	5	
3003	0	1	2	3	4		5
3004	1	2	3		4		5
3005	0	1	2	3	4	6	
3006	0	1	2		3	5	6
3007	0	1	2		3	4	5
3008	2	3	4		5		7
3009	1	2	3	4	5	6	7
3010	3	4	5		6		8
3011	1	2	3	4	5		7
3012	1	2	3		4	5	
3013	2	3	4		5		
3014	0	1	2	3	4		6
3015	0	1	2		3		
3016	2	3	4		5	7	
3017	0	1	2		3	5	
3018	2	3	4		5		
3019	2	3	4		5	6	
3020	0	1	2	3	4		6
3021	2	3	4		6	7	
3022	1	2	3	4	5	7	8
3023	1	2	3	4	5	7	
3024	1	2	3		4		
3025	2	3	4		5		
3026	0	1	2		3		
3027	2	3	4		5		
3028	2	3	4	5	6		7
3029	2	3	4	5	6		
3030	0	1	2		3	4	5
3031	0	1	2		3	5	
3032	1	2	3		4		5
3033	3	4	5		6		7
3034	2	3	4		5	6	
3035	1	2	3	4	5	7	
3036	2	3	4		5	6	7
3037	2	3	4		5	6	
3038	0	1	2	3	4	6	
3039	3	4	5	6	7		
3040	0	1	2	3	4		5
3041	1	2	3	4	5	6	7
3042	0	1	2		3	5	
3043	0	1	2	3	4		
3044	2	3	4	5	6	7	8
3045	1	2	3	4	5	6	7
3046	0	1	2		3	5	6
3047	2	3	4	5	6	7	8
3048	1	2	3		4	5	
3049	0	1	2		3		5
3050	0	1	2	3	4		
3051	0	1	2	3	4		5
3052	2	3	4		5	7	
3053	1	2	3		4		
3054	1	2	3		4	6	
3055	0	1	2	3	4	5	6
3056	3	4	5	6	7		9
3057	3	4	5	6	7		8
3058	2	3	4	5	6	7	8
3059	0	1	2	3	4		6
3060	2	3	4	5	6		7
3061	0	1	2	3	4		
3062	3	4	5		6		7
3063	2	3	4	5	6		8
3064	1	2	3	4	5	6	7
3065	1	2	3		4		5
3066	2	3	4	5	6		
3067	0	1	2	3	4		5
3068	2	3	4	5	6	8	9
3069	0	1	2	3	4	6	7
3070	3	4	5	6	7	8	
3071	2	3	4		5	6	
3072	2	3	4	5	6	7	8
3073	0	1	2	3	4	5	
3074	2	3	4	5	6	8	9
3075	1	2	3	4	5		
3076	0	1	2	3	4	5	6
3077	0	1	2	3	4		
3078	1	2	3		4	5	
3079	1	2	3	4	5		
3080	3	4	5		6		7
3081	3	4	5		6	7	
3082	0	1	2		3	4	5
3083	0	1	2	3	4	6	
3084	0	1	2		3	5	
3085	0	1	2		3	4	5
3086	3	4	5		6		7
3087	1	2	3		4		
3088	2	3	4	5	6	7	8
3089	3	4	5		6		8
3090	0	1	2		3	5	6
3091	2	3	4		5		
3092	2	3	4	5	6	7	
3093	0	1	2	3	4		
3094	1	2	3	4	5		
3095	0	1	2		3		
3096	2	3	4		5		6
3097	0	1	2	3	4	5	6
3098	1	2	3		4		5
3099	2	3	4		5		
3100	1	2	3		4	5	6
3101	0	1	2	3	4		
3102	1	2	3	4	5	6	
3103	1	2	3	4	5	6	
3104	1	2	3		4		
3105	3	4	5	6	7	8	
3106	1	2	3	4	5		
3107	1	2	3	4	5	7	8
3108	1	2	3	4	5	6	7
3109	0	1	2	3	4	5	
3110	1	2	3	4	5		
3111	2	3	4		5	6	
3112	0	1	2		3	4	
3113	2	3	4		5		6
3114	0	1	2		3		5
3115	1	2	3	4	5		7
3116	2	3	4		5		
3117	1	2	3		4	5	
3118	0	1	2		3		4
3119	2	3	4	5	6		
3120	1	2	3		4	5	6
3121	2	3	4	5	6		
3122	0	1	2		3		5
3123	0	1	2	3	4	6	
3124	0	1	2		3		4
3125	0	1	2	3	4	5	6
3126	0	1	2	3	4		
3127	3	4	5		6	8	
3128	1	2	3	4	5	6	
3129	0	1	2	3	4	5	6
3130	0	1	2		3		4
3131	0	1	2		3		
3132	0	1	2	3	4		6
3133	0	1	2	3	4	5	6
3134	0	1	2		3		5
3135	0	1	2		3		4
3136	1	2	3	4	5		
3137	0	1	2	3	4		5
3138	0	1	2		3		5
3139	1	2	3	4	5		
3140	2	3	4		5	6	7
3141	2	3	4	5	6	7	
3142	2	3	4	5	6	7	8
3143	1	2	3		4	5	6
3144	0	1	2	3	4		
3145	2	3	4	5	6	7	
3146	2	3	4	5	6		7
3147	0	1	2		3	4	5
3148	2	3	4	5	6		
3149	0	1	2		3		4
3150	0	1	2	3	4	5	
3151	0	1	2	3	4	6	7
3152	0	1	2		3		
3153	2	3	4		5		
3154	1	2	3		4	5	6
3155	0	1	2		3		
3156	3	4	5	6	7	8	9
3157	1	2	3	4	5		6
3158	0	1	2		3		
3159	2	3	4		5	6	
3160	1	2	3		4		
3161	0	1	2	3	4		
3162	1	2	3		4	5	
3163	2	3	4	5	6	7	8
3164	0	1	2	3	4	5	6
3165	0	1	2	3	4		5
3166	0	1	2		3		4
3167	0	1	2	3	4		
3168	2	3	4	5	6	8	
3169	0	1	2	3	4		5
3170	2	3	4		5		
3171	0	1	2	3	4		
3172	0	1	2		3		
3173	3	4	5		6		
3174	2	3	4		5	6	
3175	0	1	2		3	4	5
3176	2	3	4		5		7
3177	0	1	2	3	4	5	6
3178	0	1	2	3	4	5	6
3179	1	2	3	4	5		7
3180	1	2	3		4		
3181	3	4	5		6		8
3182	0	1	2	3	4		5
3183	0	1	2		3	4	5
3184	2	3	4	5	6	7	
3185	0	1	2	3	4	5	
3186	2	3	4	5	6		
3187	0	1	2	3	4		
3188	2	3	4	5	6		7
3189	0	1	2		3	5	6
3190	2	3	4		5		6
3191	1	2	3	4	5	7	8
3192	0	1	2	3	4	6	7
3193	0	1	2		3		
3194	2	3	4		5		6
3195	0	1	2		3	4	
3196	3	4	5		6	7	
3197	1	2	3	4	5	7	
3198	1	2	3		4		6
3199	3	4	5	6	7		8
3200	0	1	2		3		
3201	1	2	3	4	5		6
3202	2	3	4	5	6	7	
3203	1	2	3		4	5	6
3204	1	2	3	4	5		7
3205	1	2	3	4	5		
3206	1	2	3	4	5	6	
3207	0	1	2		3		5
3208	0	1	2	3	4		
3209	0	1	2	3	4	6	
3210	3	4	5		6	7	8
3211	3	4	5		6	7	8
3212	0	1	2		3	4	
3213	3	4	5		6	7	
3214	0	1	2	3	4	5	6
3215	1	2	3		4	5	6
3216	1	2	3		4		
3217	1	2	3	4	5		6
3218	1	2	3		4		6
3219	3	4	5		6	7	8
3220	1	2	3		4	6	
3221	1	2	3	4	5	6	
3222	0	1	2		3		
3223	1	2	3	4	5	6	
3224	1	2	3		4		
3225	2	3	4	5	6		
3226	2	3	4		5	6	
3227	0	1	2	3	4		
3228	2	3	4	5	6		
3229	2	3	4		5		7
3230	3	4	5	6	7	8	9
3231	0	1	2	3	4		6
3232	2	3	4		5	6	7
3233	1	2	3		4		
3234	2	3	4		5	6	7
3235	3	4	5		6		8
3236	2	3	4		5		
3237	2	3	4		5	6	
3238	1	2	3		4		
3239	0	1	2		3	4	5
3240	3	4	5		6	7	8
3241	1	2	3		4		5
3242	0	1	2	3	4		5
3243	0	1	2	3	4		
3244	0	1	2		3	4	
3245	1	2	3		4	5	
3246	0	1	2	3	4	5	
3247	1	2	3	4	5	7	
3248	1	2	3		4	6	7
3249	0	1	2		3		
3250	2	3	4	5	6	7	
3251	2	3	4		5	7	8
3252	3	4	5		6		
3253	2	3	4		5		
3254	1	2	3		4	5	6
3255	3	4	5		6	7	8
3256	1	2	3		4		5
3257	0	1	2		3		
3258	2	3	4		5	7	8
3259	2	3	4		5	6	7
3260	1	2	3	4	5	6	7
3261	0	1	2	3	4		6
3262	2	3	4	5	6		7
3263	0	1	2	3	4		
3264	2	3	4		5	7	8
3265	2	3	4		5		
3266	0	1	2		3		4
3267	1	2	3		4		
3268	1	2	3		4	6	
3269	2	3	4		5		
3270	0	1	2		3		
3271	2	3	4	5	6	7	
3272	2	3	4		5	7	8
3273	0	1	2		3		5
3274	0	1	2		3		4
3275	0	1	2		3		
3276	0	1	2	3	4		5
3277	0	1	2		3	5	6
3278	0	1	2	3	4		6
3279	3	4	5	6	7	9	10
3280	2	3	4		5		6
3281	2	3	4	5	6	7	8
3282	0	1	2	3	4	5	
3283	0	1	2	3	4		
3284	2	3	4		5		6
3285	0	1	2		3	4	
3286	2	3	4		5	6	7
3287	1	2	3		4		
3288	0	1	2		3	4	5
3289	1	2	3	4	5		6
3290	1	2	3	4	5		7
3291	0	1	2	3	4	5	
3292	1	2	3		4	6	7
3293	0	1	2	3	4	6	
3294	0	1	2		3		4
3295	1	2	3	4	5		
3296	0	1	2	3	4		6
3297	3	4	5	6	7	8	
3298	2	3	4		5	6	7
3299	3	4	5	6	7		8
3300	0	1	2		3		4
3301	1	2	3		5	6	7
3302	2	3	4	5	6	8	
3303	1	2	3		4		6
3304	1	2	3		4	6	
3305	0	1	2	3	4		6
3306	3	4	5		6	7	8
3307	1	2	3		4		5
3308	0	1	2		3	4	5
3309	0	1	2		3	4	5
3310	2	3	4	5	6	7	8
3311	3	4	5	6	7	9	10
3312	0	1	2	3	4	6	
3313	0	1	2		3		4
3314	0	1	2		3		
3315	0	1	2	3	4	5	6
3316	2	3	4		5	7	
3317	0	1	2		3	4	
3318	1	2	3		4		
3319	3	4	5		6	8	9
3320	2	3	4	5	6		7
3321	1	2	3		4		
3322	0	1	2	3	4		
3323	1	2	3	4	5	6	7
3324	1	2	3		4		5
3325	0	1	2		3	5	
3326	0	1	2	3	4	6	7
3327	0	1	2		3	4	
3328	1	2	3	4	5		
3329	3	4	5		6	7	8
3330	0	1	2		3	4	5
3331	3	4	5		6		8
3332	3	4	5	6	7	9	10
3333	2	3	4		5		
3334	2	3	4	5	6	7	
3335	0	1	2		3		
3336	1	2	3		4		
3337	0	1	2	3	4		5
3338	2	3	4	5	6	7	8
3339	1	2	3		4	5	6
3340	1	2	3	4	5	6	
3341	3	4	5		6	7	8
3342	0	1	2		3		4
3343	0	1	2	3	4		5
3344	2	3	4		5	6	7
3345	3	4	5	6	7		
3346	1	2	3	4	5	6	
3347	0	1	2	3	4	5	
3348	3	4	5	6	7		8
3349	2	3	4		5	6	
3350	1	2	3		4	5	6
3351	2	3	4		5	6	7
3352	1	2	3	4	5		
3353	2	3	4		5	6	7
3354	1	2	3		4	5	
3355	3	4	5		6	7	
3356	2	3	4	5	6		
3357	2	3	4	5	6		8
3358	2	3	4		5	6	
3359	0	1	2		3	5	6
3360	0	1	2		3		5
3361	0	1	2	3	4		
3362	2	3	4		5	6	
3363	0	1	2		3	5	
3364	2	3	4	5	6		8
3365	2	3	4		5	6	
3366	3	4	5		6		8
3367	3	4	5	6	7		
3368	0	1	2		3	4	5
3369	1	2	3	4	5		
3370	0	1	2	3	4		
3371	0	1	2	3	4		
3372	0	1	2	3	4	5	
3373	1	2	3	4	5	7	8
3374	0	1	2	3	4		6
3375	0	1	2		3		
3376	2	3	4		5	7	
3377	0	1	2		3	4	
3378	0	1	2		3		4
3379	2	3	4		5	7	
3380	2	3	4	5	6	8	
3381	1	2	3	4	5		
3382	1	2	3		4		5
3383	2	3	4		5		
3384	1	2	3	4	5	6	7
3385	0	1	2		3		5
3386	3	4	5		6	8	9
3387	0	1	2		3		5
3388	0	1	2		3		
3389	1	2	3		4	6	
3390	0	1	2		3		4
3391	1	2	3		4	6	
3392	0	1	2		3		
3393	0	1	2	3	4		
3394	2	3	4	5	6	8	9
3395	1	2	3	4	5	6	7
3396	0	1	2	3	4	5	6
3397	2	3	4	5	6		
3398	1	2	3	4	5	6	7
3399	0	1	2		3		
3400	2	3	4		5		
3401	1	2	3		4	5	6
3402	1	2	3	4	5	7	
3403	2	3	4	5	6		8
3404	0	1	2	3	4		6
3405	2	3	4	5	6	8	
3406	3	4	5		6		
3407	3	4	5	6	7	9	
3408	2	3	4		5	7	8
3409	2	3	4		5	6	7
3410	2	3	4	5	6		8
3411	2	3	4		5	7	8
3412	1	2	3		4	6	7
3413	0	1	2		3		
3414	1	2	3	4	5	6	7
3415	1	2	3		4		5
3416	1	2	3	4	5		
3417	1	2	3	4	5	6	7
3418	2	3	4		5	6	7
3419	3	4	5		6	7	8
3420	0	1	2		3		5
3421	2	3	4		5	6	
3422	0	1	2	3	4	6	7
3423	1	2	3	4	5	7	
3424	2	3	4	5	6		
3425	0	1	2	3	4	5	6
3426	3	4	5	6	7	8	
3427	1	2	3		4		6
3428	2	3	4		5		
3429	1	2	3	4	5	7	
3430	1	2	3	4	5	6	
3431	2	3	4		5	6	
3432	2	3	4	5	6	8	
3433	0	1	2		3		4
3434	3	4	5	6	7	8	9
3435	3	4	5	6	7		
3436	0	1	2	3	4	5	
3437	1	2	3		4	5	
3438	0	1	2		3		4
3439	2	3	4		5	6	7
3440	0	1	2	3	4	5	
3441	3	4	5	6	7		
3442	1	2	3		4	5	
3443	1	2	3	4	5		6
3444	1	2	3		4		5
3445	1	2	3		4	5	6
3446	1	2	3		4	6	
3447	1	2	3		4	5	
3448	0	1	2		3		
3449	2	3	4	5	6	8	
3450	3	4	5		6	8	
3451	0	1	2		3	4	5
3452	2	3	4		5	6	
3453	3	4	5	6	7		8
3454	2	3	4	5	6	7	
3455	1	2	3	4	5		
3456	1	2	3		4	5	6
3457	2	3	4	5	6	7	8
3458	0	1	2	3	4		
3459	0	1	2		3		
3460	1	2	3		4		6
3461	0	1	2	3	4	5	6
3462	3	4	5		6		7
3463	3	4	5		6		
3464	0	1	2		3	4	5
3465	0	1	2		3		
3466	0	1	2		3	4	5
3467	1	2	3		4	5	
3468	0	1	2	3	4	5	6
3469	2	3	4		5		
3470	1	2	3	4	5		6
3471	1	2	3		4		5
3472	1	2	3	4	5	7	8
3473	0	1	2	3	4		
3474	0	1	2	3	4	6	
3475	0	1	2		3	5	
3476	1	2	3	4	5		7
3477	2	3	4		5	7	8
3478	0	1	2	3	4		
3479	2	3	4		5		
3480	0	1	2	3	4	5	
3481	1	2	3		4		5
3482	3	4	5		6		8
3483	2	3	4		5		
3484	0	1	2	3	4		
3485	1	2	3		4	6	7
3486	0	1	2	3	4		
3487	2	3	4		5		6
3488	0	1	2	3	4		
3489	0	1	2		3	4	
3490	3	4	5	6	7	8	
3491	0	1	2		3	4	
3492	1	2	3		4	6	7
3493	1	2	3		4		
3494	0	1	2		3	4	
3495	0	1	2	3	4		
3496	2	3	4		5	6	7
3497	0	1	2	3	4		5
3498	2	3	4		5	7	8
3499	1	2	3	4	5		6
3500	0	1	2	3	4		5
3501	2	3	4		5	6	
3502	0	1	2	3	4		5
3503	1	2	3	4	5	7	8
3504	0	1	2	3	4		5
3505	2	3	4		5	7	
3506	0	1	2		3	5	6
3507	0	1	2	3	4		
3508	0	1	2		3	4	
3509	2	3	4		5	7	8
3510	0	1	2	3	4	5	
3511	1	2	3	4	5	6	7
3512	0	1	2	3	4		
3513	1	2	3		4		
3514	0	1	2	3	4		
3515	1	2	3	4	5		
3516	2	3	4		5	7	
3517	3	4	5	6	7	8	9
3518	3	4	5		6		8
3519	0	1	2		3	4	
3520	2	3	4		5	6	
3521	0	1	2		3	4	5
3522	0	1	2		3		
3523	1	2	3	4	5		
3524	3	4	5		6		
3525	0	1	2		3	4	
3526	1	2	3		4		5
3527	1	2	3		4	5	
3528	0	1	2	3	4	6	7
3529	0	1	2	3	4	5	6
3530	2	3	4		5		6
3531	1	2	3		4	5	
3532	1	2	3		4	6	
3533	1	2	3		4		5
3534	2	3	4	5	6	8	
3535	0	1	2	3	4	6	7
3536	3	4	5	6	7		
3537	0	1	2	3	4	6	7
3538	0	1	2	3	4		
3539	0	1	2	3	4		5
3540	1	2	3		5	7	8
3541	2	3	4		5	6	7
3542	0	1	2	3	4	6	
3543	0	1	2	3	4		5
3544	1	2	3	4	5	7	
3545	3	4	5	6	7		8
3546	3	4	5		6	7	8
3547	2	3	4	5	6	7	
3548	2	3	4		5	6	
3549	0	1	2		3	4	5
3550	0	1	2		3	5	
3551	2	3	4		5		6
3552	3	4	5	6	7		9
3553	3	4	5		6	7	8
3554	3	4	5	6	7		
3555	0	1	2	3	4		
3556	0	1	2		3		4
3557	1	2	3	4	5	6	7
3558	2	3	4	5	6		7
3559	0	1	2		3	4	
3560	0	1	2	3	4	5	6
3561	0	1	2		3	4	
3562	0	1	2		3	4	
3563	2	3	4		5		
3564	0	1	2	3	4	5	6
3565	0	1	2		3	4	5
3566	0	1	2	3	4	6	7
3567	0	1	2		3	5	6
3568	1	2	3		4	6	
3569	2	3	4		5	7	
3570	1	2	3	4	5		
3571	2	3	4	5	6	7	
3572	2	3	4	5	6	7	8
3573	0	1	2	3	4	5	
3574	2	3	4		5	6	
3575	0	1	2	3	4	5	6
3576	0	1	2	3	4	5	6
3577	1	2	3		4	5	6
3578	1	2	3		4	6	7
3579	0	1	2	3	4		5
3580	1	2	3	4	5	6	
3581	0	1	2		3		4
3582	2	3	4		5		
3583	1	2	3		4	5	6
3584	0	1	2		3	5	
3585	0	1	2		4	6	
3586	1	2	3		4	5	
3587	0	1	2	3	4	6	7
3588	1	2	3	4	5		
3589	1	2	3	4	5		
3590	3	4	5	6	7	8	
3591	2	3	4		5	7	
3592	0	1	2	3	4	5	
3593	0	1	2		3		5
3594	1	2	3	4	5	6	7
3595	3	4	5		6	7	8
3596	1	2	3		4		5
3597	2	3	4	5	6		
3598	0	1	2		3		
3599	3	4	5		6		7
3600	0	1	2	3	4		6
3601	0	1	2	3	4	6	
3602	2	3	4	5	6	7	
3603	0	1	2		4		5
3604	2	3	4		5	6	7
3605	0	1	2		3		5
3606	0	1	2	3	4	5	6
3607	2	3	4		5		7
3608	0	1	2		3	4	5
3609	1	2	3	4	5		
3610	0	1	2		3	4	5
3611	3	4	5	6	7	8	9
3612	0	1	2		3		5
3613	0	1	2		3		
3614	0	1	2		3	4	5
3615	2	3	4	5	6		
3616	0	1	2		3	4	
3617	0	1	2	3	4		
3618	2	3	4		5		
3619	2	3	4	5	6		
3620	1	2	3	4	5	6	7
3621	0	1	2	3	4	6	
3622	3	4	5		6	7	
3623	2	3	4		5		6
3624	0	1	2	3	4		
3625	1	2	3	4	5		6
3626	0	1	2	3	4		6
3627	2	3	4	5	6	7	
3628	0	1	2		3		5
3629	1	2	3		4		6
3630	2	3	4	5	6		
3631	0	1	2	3	4		
3632	1	2	3		4		
3633	0	1	2		3	5	
3634	2	3	4	5	6		
3635	0	1	2	3	4	5	
3636	2	3	4	5	6		8
3637	1	2	3	4	5	6	7
3638	0	1	2		3	5	
3639	2	3	4	5	6	8	9
3640	1	2	3		4		
3641	2	3	4		5	7	
3642	0	1	2	3	4	6	7
3643	0	1	2		3		5
3644	2	3	4		5	6	
3645	0	1	2		3	5	
3646	1	2	3		4	5	6
3647	0	1	2		3	4	5
3648	2	3	4	5	6	7	8
3649	1	2	3	4	5	6	7
3650	1	2	3		4	5	6
3651	1	2	3		4	5	6
3652	2	3	4		5	6	
3653	3	4	5	6	7		
3654	0	1	2	3	4	5	6
3655	1	2	3	4	5	6	
3656	3	4	5	6	7		
3657	0	1	2		3		
3658	0	1	2		3	4	5
3659	1	2	3		4	6	7
3660	1	2	3		4		5
3661	0	1	2	3	4	6	
3662	3	4	5		6		7
3663	0	1	2	3	4		
3664	0	1	2		3	4	
3665	2	3	4		5		
3666	2	3	4		5		6
3667	0	1	2		3	4	5
3668	3	4	5		6	8	
3669	1	2	3		4	5	
3670	2	3	4		5	7	
3671	0	1	2	3	4	5	
3672	3	4	5	6	7		
3673	2	3	4	5	6		8
3674	0	1	2		3	4	
3675	3	4	5	6	7	9	
3676	3	4	5		6	8	9
3677	3	4	5	6	7		8
3678	0	1	2		3		
3679	2	3	4		5	6	7
3680	1	2	3	4	5	7	8
3681	2	3	4	5	6	7	
3682	1	2	3	4	5		7
3683	0	1	2		3	4	5
3684	0	1	2	3	4	5	
3685	0	1	2	3	4	5	
3686	0	1	2	3	4	5	
3687	0	1	2		3	4	
3688	1	2	3	4	5	6	
3689	2	3	4		5		
3690	2	3	4	5	6		8
3691	0	1	2		3		5
3692	1	2	3		4		6
3693	0	1	2		3	4	5
3694	3	4	5		6	7	
3695	2	3	4		5		
3696	2	3	4		5	7	
3697	0	1	2		3		4
3698	0	1	2		3	4	5
3699	0	1	2	3	4	6	
3700	2	3	4		5		
3701	2	3	4		5	7	8
3702	2	3	4		5	7	8
3703	2	3	4		5		7
3704	0	1	2		3	4	
3705	1	2	3	4	5		
3706	2	3	4	5	6		8
3707	2	3	4		5	6	
3708	2	3	4	5	6	8	
3709	2	3	4		5	7	
3710	1	2	3	4	5	6	
3711	3	4	5		6	7	
3712	3	4	5		6		7
3713	0	1	2		3		
3714	0	1	2	3	4		5
3715	0	1	2		3		4
3716	0	1	2	3	4		5
3717	2	3	4	5	6		8
3718	1	2	3		4		
3719	1	2	3	4	5	6	
3720	2	3	4		5	6	
3721	2	3	4	5	6	8	9
3722	3	4	5		6		
3723	1	2	3	4	5	6	
3724	2	3	4	5	6	7	8
3725	0	1	2	3	4	5	6
3726	1	2	3	4	5		
3727	0	1	2		3		
3728	0	1	2	3	4	5	6
3729	0	1	2	3	4	5	
3730	0	1	2		3		
3731	2	3	4		5		
3732	0	1	2		3	4	
3733	1	2	3		4		6
3734	0	1	2		3		4
3735	0	1	2		3	5	6
3736	0	1	2		3		4
3737	0	1	2		3		5
3738	2	3	4		5		
3739	0	1	2		3		
3740	2	3	4	5	6		7
3741	2	3	4		5	6	
3742	1	2	3	4	5	6	7
3743	0	1	2	3	4	5	6
3744	2	3	4		5	6	7
3745	1	2	3		4	5	6
3746	2	3	4		5	7	
3747	0	1	2		3	5	6
3748	0	1	2		3	4	
3749	0	1	2		3	4	5
3750	3	4	5	6	7		8
3751	1	2	3		4		
3752	1	2	3		4		
3753	1	2	3	4	5		
3754	2	3	4		5	6	
3755	0	1	2	3	4	5	6
3756	0	1	2	3	4	5	
3757	0	1	2	3	4	5	
3758	1	2	3		4	5	6
3759	1	2	3		4		6
3760	0	1	2		3	4	5
3761	3	4	5		6	7	8
3762	3	4	5		6	7	8
3763	1	2	3	4	5		
3764	2	3	4		5		
3765	2	3	4		5		
3766	1	2	3		4	5	6
3767	0	1	2		3	4	5
3768	3	4	5	6	7		9
3769	2	3	4	5	6		
3770	2	3	4	5	6		7
3771	0	1	2		3		4
3772	1	2	3		4		6
3773	1	2	3	4	5	6	7
3774	2	3	4		5		7
3775	1	2	3		4	5	
3776	0	1	2		3		5
3777	1	2	3		4	5	
3778	0	1	2	3	4	5	
3779	2	3	4		5	6	7
3780	3	4	5		6	7	8
3781	1	2	3		4	5	
3782	2	3	4		5	6	7
3783	2	3	4		5	6	
3784	2	3	4	5	6	8	
3785	0	1	2	3	4		
3786	3	4	5		6		
3787	1	2	3	4	5		
3788	2	3	4	5	6	8	9
3789	1	2	3	4	5	6	
3790	0	1	2		3		5
3791	2	3	4	5	6	8	
3792	0	1	2	3	4	6	
3793	2	3	4		5	6	
3794	3	4	5	6	7	8	
3795	2	3	4		5	6	
3796	1	2	3	4	5	6	
3797	2	3	4		5		7
3798	0	1	2	3	4	5	
3799	3	4	5	6	7		8
3800	2	3	4	5	6		7
3801	0	1	2	3	4	5	
3802	0	1	2		3		
3803	1	2	3		4		
3804	1	2	3	4	5	6	7
3805	0	1	2		3		
3806	3	4	5	6	7	8	
3807	2	3	4		5	6	7
3808	2	3	4		5	6	
3809	0	1	2		3	4	
3810	0	1	2	3	4	5	
3811	1	2	3	4	5	6	7
3812	1	2	3		4		
3813	2	3	4	5	6		
3814	0	1	2		3	5	6
3815	2	3	4		5	6	
3816	1	2	3		4	5	
3817	2	3	4		5	6	
3818	1	2	3		4	5	6
3819	3	4	5	6	7	9	
3820	2	3	4		5		6
3821	1	2	3	4	5		
3822	0	1	2	3	4	6	
3823	3	4	5		6		
3824	2	3	4		5		
3825	1	2	3		4		6
3826	0	1	2	3	4	6	
3827	0	1	2	3	4	6	7
3828	2	3	4	5	6		
3829	1	2	3		4		6
3830	3	4	5	6	7	9	
3831	0	1	2		3	5	
3832	0	1	2	3	4	5	6
3833	3	4	5	6	7	8	
3834	3	4	5	6	7	8	9
3835	1	2	3		4		
3836	0	1	2	3	4	5	6
3837	2	3	4		5		6
3838	0	1	2		3	5	
3839	2	3	4		5		7
3840	0	1	2		3		
3841	1	2	3		4		
3842	0	1	2	3	4	5	6
3843	0	1	2		3		5
3844	0	1	2	3	4		5
3845	0	1	2	3	4	5	6
3846	3	4	5		6		7
3847	2	3	4	5	6	8	
3848	0	1	2	3	4	5	6
3849	1	2	3	4	5	7	
3850	1	2	3		4		6
3851	0	1	2		3	4	
3852	1	2	3		4	5	6
3853	0	1	2		3		
3854	1	2	3	4	5	6	
3855	3	4	5		6		
3856	1	2	3		4	5	6
3857	0	1	2	3	4	5	
3858	1	2	3	4	5	6	
3859	2	3	4		5	7	
3860	2	3	4		5	6	7
3861	0	1	2	3	4	6	7
3862	0	1	2		3	5	6
3863	1	2	3	4	5		6
3864	0	1	2	3	4	5	
3865	1	2	3	4	5	6	
3866	0	1	2		3		
3867	2	3	4	5	6		
3868	1	2	3	4	5	6	7
3869	0	1	2		3		
3870	2	3	4		5	6	
3871	2	3	4	5	6		
3872	0	1	2	3	4	5	
3873	0	1	2	3	4		
3874	0	1	2	3	4		6
3875	2	3	4		5		7
3876	0	1	2		3		
3877	0	1	2	3	4	5	
3878	0	1	2		3	5	
3879	1	2	3	4	5		6
3880	0	1	2	3	4	6	7
3881	0	1	2		3		4
3882	3	4	5		6	7	
3883	2	3	4	5	6	7	
3884	0	1	2	3	4	5	
3885	0	1	2		3	5	
3886	2	3	4		5	7	
3887	2	3	4	5	6		7
3888	1	2	3	4	5		
3889	0	1	2		3		
3890	0	1	2	3	4		
3891	2	3	4		6		7
3892	2	3	4		5		
3893	0	1	2		3		
3894	0	1	2	3	4	5	6
3895	0	1	2	3	4		6
3896	0	1	2		3	5	6
3897	1	2	3		4	6	7
3898	0	1	2		3		4
3899	3	4	5		6		
3900	0	1	2		3		
3901	0	1	2	3	4	5	6
3902	0	1	2		3	4	
3903	0	1	2	3	4	6	7
3904	1	2	3		4	5	
3905	0	1	2		3	4	
3906	0	1	2		3	5	
3907	3	4	5	6	7		8
3908	1	2	3		4	6	7
3909	1	2	3		4		
3910	0	1	2		3		
3911	0	1	2	3	4	6	
3912	3	4	5		6		
3913	0	1	2		3		
3914	0	1	2	3	4		
3915	2	3	4		5	6	7
3916	0	1	2		3	4	5
3917	0	1	2	3	4		
3918	2	3	4		5	6	7
3919	2	3	4		5	7	
3920	0	1	2		3		4
3921	2	3	4	5	6	7	8
3922	0	1	2	3	4		
3923	0	1	2		3	5	
3924	0	1	2	3	4		
3925	0	1	2	3	4		5
3926	3	4	5		6	7	
3927	2	3	4	5	6	7	
3928	1	2	3		4		6
3929	0	1	2	3	4		5
3930	0	1	2	3	4		
3931	0	1	2		3	4	
3932	2	3	4	5	6		7
3933	1	2	3	4	5		
3934	1	2	3		4	5	6
3935	0	1	2	3	4	6	7
3936	2	3	4	5	6		8
3937	2	3	4		5	6	7
3938	2	3	4		5		6
3939	0	1	2	3	4	6	
3940	3	4	5		6		
3941	0	1	2		3	5	6
3942	0	1	2	3	4	6	
3943	0	1	2		3		4
3944	0	1	2	3	4		
3945	1	2	3	4	5		6
3946	0	1	2		3		
3947	0	1	2		3	4	
3948	0	1	2	3	4		
3949	2	3	4		5	6	7
3950	2	3	4		5		
3951	0	1	2	3	4		
3952	3	4	5	6	7		8
3953	3	4	5		6		7
3954	1	2	3		4		5
3955	0	1	2		3		4
3956	1	2	3		4		
3957	0	1	2		3	4	5
3958	0	1	2		3		
3959	1	2	3		4	5	
3960	2	3	4	5	6	7	8
3961	0	1	2	3	4		
3962	0	1	2	3	4		6
3963	1	2	3		4	6	7
3964	1	2	3	4	5	6	
3965	2	3	4		5		
3966	1	2	3	4	5		
3967	1	2	3		4		
3968	0	1	2		3	4	
3969	1	2	3		4	5	
3970	0	1	2	3	4		5
3971	0	1	2		3	4	5
3972	2	3	4	5	6	7	
3973	0	1	2		3	4	5
3974	2	3	4		5		
3975	2	3	4	5	6		7
3976	0	1	2		3		
3977	0	1	2		3	4	
3978	0	1	2	3	4	5	6
3979	0	1	2		3	4	
3980	2	3	4		5	7	
3981	2	3	4	5	6		
3982	1	2	3		4	5	6
3983	3	4	5	6	7	8	9
3984	0	1	2	3	4	5	6
3985	0	1	2		3	4	
3986	1	2	3		4	5	
3987	1	2	3	4	5		6
3988	2	3	4	5	6	8	9
3989	3	4	5	6	7	9	10
3990	1	2	3	4	5	6	7
3991	2	3	4		5	6	
3992	2	3	4		5		
3993	0	1	2		4	5	
3994	2	3	4		5	6	7
3995	1	2	3		4		
3996	2	3	4		5		
3997	0	1	2	3	4		
3998	2	3	4		5		6
3999	0	1	2	3	4	6	
4000	2	3	4	5	6	8	9
4001	0	1	2		3		4
4002	0	1	2	3	4	5	6
4003	2	3	4	5	6		
4004	3	4	5	6	7	8	
4005	0	1	2		3		
4006	2	3	4	5	6	8	9
4007	2	3	4	5	6	8	9
4008	0	1	2		3		
4009	0	1	2	3	4	5	
4010	1	2	3		4	5	6
4011	1	2	3		4	5	6
4012	1	2	3	4	5		6
4013	0	1	2	3	4	6	7
4014	0	1	2		3		5
4015	0	1	2	3	4	5	6
4016	2	3	4		5	6	7
4017	2	3	4	5	6		
4018	0	1	2		3	5	
4019	1	2	3	4	5	6	
4020	2	3	4	5	6		
4021	0	1	2	3	4	5	6
4022	1	2	3		4	6	7
4023	0	1	2	3	4	5	6
4024	0	1	2		3	5	6
4025	2	3	4		5	6	7
4026	0	1	2		3	4	
4027	0	1	2	3	4		5
4028	3	4	5	6	7	8	9
4029	2	3	4	5	6		7
4030	3	4	5		6	7	8
4031	0	1	2		3		
4032	2	3	4		5		
4033	0	1	2	3	4	6	7
4034	0	1	2		3		
4035	2	3	4		5	7	8
4036	3	4	5		6		
4037	0	1	2	3	4		5
4038	1	2	3	4	5	6	
4039	1	2	3		4		
4040	0	1	2	3	4		
4041	1	2	3		4		
4042	0	1	2		3	5	
4043	0	1	2		3		4
4044	1	2	3		4	5	
4045	2	3	4		5	7	
4046	3	4	5		6	7	
4047	0	1	2	3	4		
4048	3	4	5	6	7	8	9
4049	3	4	5	6	7		9
4050	2	3	4		5	6	7
4051	0	1	2		3		4
4052	0	1	2		3		
4053	0	1	2	3	4	5	6
4054	0	1	2		3		
4055	2	3	4		5	6	7
4056	2	3	4		5		7
4057	0	1	2		3	5	
4058	2	3	4	5	6		
4059	3	4	5	6	7	8	
4060	0	1	2	3	4	6	
4061	0	1	2		4		
4062	0	1	2		3		
4063	0	1	2		3	5	
4064	2	3	4	5	6		7
4065	3	4	5	6	7		
4066	3	4	5	6	7	9	10
4067	2	3	4	5	6	7	
4068	2	3	4	5	6	7	8
4069	0	1	2		3		
4070	1	2	3		4		
4071	0	1	2	3	4		
4072	0	1	2	3	4		
4073	0	1	2	3	4		
4074	3	4	5		6		
4075	0	1	2		3	5	
4076	0	1	2	3	4		5
4077	1	2	3		4	5	
4078	0	1	2	3	4		6
4079	1	2	3	4	5		
4080	0	1	2		3		
4081	3	4	5		6	7	
4082	0	1	2	3	4	6	7
4083	0	1	2		3		4
4084	1	2	3		4		
4085	2	3	4		5	6	
4086	1	2	3		4		
4087	2	3	4		5	6	7
4088	1	2	3	4	5	6	
4089	0	1	2		3		
4090	2	3	4	5	6	7	
4091	2	3	4	5	6		7
4092	1	2	3	4	5		
4093	2	3	4		5	6	7
4094	1	2	3		4	5	
4095	1	2	3		4		6
4096	0	1	2	3	4	5	
4097	2	3	4		5		
4098	0	1	2	3	4		6
4099	2	3	4		5		
4100	1	2	3	4	5	6	
4101	0	1	2		3		
4102	0	1	2		3	4	5
4103	1	2	3		4		5
4104	3	4	5		6	7	
4105	0	1	2		3		
4106	0	1	2	3	4	6	7
4107	2	3	4		5		
4108	2	3	4		5	6	7
4109	3	4	5		6		8
4110	0	1	2		3	4	5
4111	2	3	4	5	6	7	8
4112	3	4	5	6	7		
4113	2	3	4	5	6		7
4114	0	1	2	3	4	5	
4115	2	3	4	5	6	7	
4116	0	1	2		3	5	6
4117	0	1	2		3	5	6
4118	0	1	2		3		4
4119	0	1	2		3		5
4120	2	3	4	5	6		7
4121	3	4	5		6		7
4122	0	1	2	3	4	5	
4123	0	1	2		3	5	6
4124	1	2	3		4	5	6
4125	3	4	5	6	7		
4126	3	4	5		6		8
4127	2	3	4	5	6	7	8
4128	1	2	3		4		
4129	0	1	2		3		
4130	1	2	3		4		
4131	1	2	3		4		
4132	0	1	2		3	4	5
4133	2	3	4		5		7
4134	3	4	5	6	7	9	
4135	2	3	4		5		7
4136	0	1	2		3	4	
4137	2	3	4		5	6	7
4138	2	3	4	5	6		
4139	0	1	2	3	4		
4140	0	1	2		3		
4141	0	1	2		3		
4142	0	1	2		3	4	
4143	2	3	4		5	6	
4144	0	1	2		3		
4145	3	4	5		6	8	
4146	1	2	3	4	5		7
4147	0	1	2		3		
4148	0	1	2	3	4	5	6
4149	3	4	5	6	7		8
4150	0	1	2	3	4	6	7
4151	0	1	2	3	4	5	
4152	1	2	3	4	5	6	
4153	1	2	3		4	6	
4154	2	3	4		5	6	
4155	1	2	3		4		6
4156	0	1	2	3	4	5	
4157	1	2	3	4	5		
4158	0	1	2		3	5	6
4159	0	1	2	3	4	6	
4160	0	1	2	3	4	6	7
4161	3	4	5	6	7	8	
4162	0	1	2	3	4		5
4163	3	4	5		6	7	8
4164	0	1	2		3		4
4165	1	2	3	4	5	7	8
4166	0	1	2		3	4	5
4167	1	2	3		4		
4168	1	2	3	4	5		6
4169	2	3	4	5	6		8
4170	1	2	3		4	5	
4171	2	3	4		5	7	8
4172	0	1	2		3		4
4173	1	2	3	4	5	6	7
4174	1	2	3	4	5	6	7
4175	0	1	2		3	4	
4176	0	1	2		3		5
4177	1	2	3	4	5		6
4178	2	3	4		5		7
4179	2	3	4		5	7	8
4180	3	4	5		6	7	
4181	3	4	5		6	8	9
4182	1	2	3	4	5		
4183	2	3	4		5	6	
4184	2	3	4		5	6	
4185	2	3	4		5	6	
4186	1	2	3	4	5	7	8
4187	1	2	3	4	5		
4188	0	1	2	3	4		6
4189	1	2	3		4	5	
4190	0	1	2	3	4		5
4191	3	4	5		6	7	
4192	1	2	3		4		5
4193	3	4	5		6		7
4194	0	1	2		3	5	
4195	1	2	3		4		5
4196	1	2	3	4	5	6	
4197	0	1	2	3	4		6
4198	1	2	3		4		
4199	1	2	3	4	5		
4200	3	4	5	6	7	9	10
4201	3	4	5	6	7	9	10
4202	1	2	3		4		
4203	1	2	3		4	5	6
4204	1	2	3	4	5		6
4205	0	1	2		3	4	
4206	0	1	2	3	4	5	6
4207	2	3	4	5	6	7	8
4208	0	1	2		3		4
4209	0	1	2	3	4	6	7
4210	0	1	2		3	5	6
4211	0	1	2		3		
4212	2	3	4		5		6
4213	0	1	2		3	4	
4214	0	1	2		3	5	6
4215	0	1	2		3	4	5
4216	2	3	4		5		
4217	0	1	2	3	4	6	7
4218	1	2	3	4	5	6	7
4219	0	1	2		3		
4220	2	3	4	5	6	7	
4221	3	4	5	6	7		
4222	0	1	2	3	4	5	
4223	1	2	3		4	5	
4224	1	2	3		4		
4225	1	2	3		4		5
4226	3	4	5		6	7	
4227	1	2	3		4		5
4228	2	3	4		5		7
4229	2	3	4	5	6		7
4230	0	1	2		3		
4231	2	3	4	5	6		7
4232	1	2	3	4	5	6	7
4233	2	3	4		5		6
4234	0	1	2	3	4		6
4235	0	1	2		3	4	
4236	0	1	2	3	4		
4237	0	1	2	3	4	5	6
4238	0	1	2		3		
4239	0	1	2	3	4	5	
4240	0	1	2	3	4	5	
4241	1	2	3		4	5	6
4242	3	4	5		6		
4243	1	2	3		4	5	
4244	0	1	2		3		
4245	3	4	5	6	7	8	
4246	2	3	4		5		6
4247	0	1	2		3	4	5
4248	3	4	5	6	7	9	10
4249	0	1	2		3		
4250	0	1	2	3	4		5
4251	1	2	3	4	5		7
4252	1	2	3	4	5		
4253	0	1	2	3	4		
4254	3	4	5	6	7	8	9
4255	0	1	2	3	4		
4256	0	1	2	3	4		
4257	3	4	5	6	7	9	
4258	1	2	3		4		
4259	0	1	2	3	4		
4260	3	4	5	6	7	8	
4261	2	3	4	5	6		
4262	3	4	5		6		
4263	3	4	5		6	7	
4264	0	1	2	3	4	5	
4265	0	1	2	3	4	5	
4266	0	1	2	3	4	5	
4267	2	3	4		5		6
4268	0	1	2	3	4	6	
4269	0	1	2	3	4	6	7
4270	0	1	2	3	4	5	
4271	0	1	2	3	4		
4272	2	3	4		5	6	7
4273	0	1	2		3		4
4274	3	4	5	6	7		
4275	2	3	4		5	6	7
4276	2	3	4	5	6	7	
4277	1	2	3	4	5	6	7
4278	2	3	4	5	6		
4279	2	3	4		5		6
4280	1	2	3	4	5		6
4281	2	3	4		5		
4282	2	3	4		5		6
4283	2	3	4	5	6		
4284	1	2	3	4	5		
4285	3	4	5		6	8	
4286	0	1	2		3	5	
4287	2	3	4	5	6		
4288	2	3	4	5	6	8	9
4289	1	2	3		4	5	6
4290	0	1	2	3	4	6	
4291	1	2	3	4	5	6	
4292	0	1	2		3		
4293	2	3	4	5	6	7	8
4294	2	3	4		5		7
4295	0	1	2	3	4		
4296	1	2	3		4	5	6
4297	0	1	2		3		4
4298	1	2	3	4	5		
4299	1	2	3	4	5		
4300	2	3	4		5		
4301	1	2	3		4		
4302	2	3	4		5		7
4303	0	1	2		3		
4304	0	1	2		3	4	
4305	0	1	2		3		
4306	2	3	4	5	6	8	9
4307	3	4	5		6	7	
4308	2	3	4	5	6		
4309	1	2	3	4	5		
4310	3	4	5	6	7	8	9
4311	1	2	3		4		
4312	0	1	2		3	4	
4313	3	4	5		6	8	9
4314	0	1	2	3	4	6	7
4315	0	1	2	3	4	5	6
4316	0	1	2		3		5
4317	0	1	2		3	4	
4318	2	3	4		5	7	8
4319	1	2	3	4	5	6	7
4320	0	1	2	3	4	5	6
4321	0	1	2		3		5
4322	2	3	4		5		
4323	0	1	2	3	4		5
4324	1	2	3		4	6	7
4325	1	2	3		4	5	
4326	0	1	2	3	4	6	7
4327	0	1	2	3	4	6	
4328	2	3	4	5	6		8
4329	0	1	2	3	4		
4330	2	3	4	5	6	7	8
4331	1	2	3	4	5	7	8
4332	2	3	4	5	6		
4333	2	3	4	5	6	8	9
4334	0	1	2		3	4	5
4335	0	1	2		3		5
4336	2	3	4	5	6		8
4337	3	4	5		6		
4338	1	2	3		4		
4339	2	3	4	5	6	8	9
4340	0	1	2		3	4	
4341	1	2	3	4	5		
4342	2	3	4	5	6	7	8
4343	2	3	4		5	7	8
4344	0	1	2		3	5	6
4345	2	3	4		5	6	
4346	0	1	2	3	4	5	
4347	0	1	2	3	4		
4348	0	1	2	3	4		
4349	1	2	3	4	5	7	8
4350	0	1	2		3		4
4351	1	2	3		4		
4352	2	3	4	5	6	7	8
4353	3	4	5		6		8
4354	0	1	2	3	4	5	
4355	2	3	4		5	7	
4356	3	4	5	6	7		9
4357	3	4	5		6		
4358	2	3	4		5		
4359	3	4	5		6		
4360	0	1	2		3	5	
4361	0	1	2		3	5	
4362	2	3	4		5		
4363	0	1	2	3	4		6
4364	0	1	2		3		5
4365	0	1	2	3	4	5	
4366	2	3	4		5		
4367	3	4	5		6	7	
4368	2	3	4	5	6	8	9
4369	0	1	2		3		4
4370	0	1	2		3	4	5
4371	0	1	2		3	5	6
4372	2	3	4		5		
4373	0	1	2	3	4	5	6
4374	1	2	3	4	5		
4375	1	2	3	4	5		6
4376	1	2	3	4	5	6	
4377	1	2	3	4	5		7
4378	2	3	4	5	6		
4379	3	4	5	6	7	8	9
4380	1	2	3	4	5	6	7
4381	1	2	3		4	6	
4382	1	2	3		4		6
4383	2	3	4	5	6		7
4384	0	1	2		3	4	5
4385	1	2	3	4	5		6
4386	0	1	2	3	4	6	7
4387	3	4	5		6		
4388	0	1	2		3		4
4389	3	4	5		6		
4390	0	1	2		3	4	5
4391	0	1	2	3	4		6
4392	3	4	5	6	7	9	
4393	0	1	2		3		4
4394	0	1	2	3	4		5
4395	0	1	2	3	4	5	
4396	1	2	3		4	5	
4397	0	1	2	3	4		5
4398	0	1	2		3		4
4399	1	2	3		4	5	
4400	0	1	2	3	4	6	
4401	2	3	4		5		
4402	0	1	2		3		4
4403	0	1	2		3	5	
4404	1	2	3		4		
4405	1	2	3	4	5		
4406	0	1	2	3	4		
4407	0	1	2	3	4	5	6
4408	1	2	3	4	5		7
4409	2	3	4		5		
4410	2	3	4		5		7
4411	0	1	2		3	4	
4412	0	1	2	3	4		6
4413	2	3	4	5	6	8	
4414	0	1	2	3	4	5	
4415	2	3	4		5	6	7
4416	1	2	3		4		5
4417	1	2	3	4	5	6	
4418	2	3	4	5	6		8
4419	3	4	5		6		
4420	2	3	4		5	7	8
4421	0	1	2		4	5	
4422	0	1	2	3	4	5	6
4423	0	1	2		3	4	
4424	2	3	4		5	6	7
4425	0	1	2		3		
4426	0	1	2		3		4
4427	1	2	3	4	5		7
4428	1	2	3		4	5	
4429	2	3	4		5	6	
4430	0	1	2	3	4	5	6
4431	1	2	3		4	5	6
4432	3	4	5	6	7	9	10
4433	1	2	3		4		6
4434	1	2	3	4	5		6
4435	0	1	2	3	4	6	
4436	0	1	2		3	4	5
4437	3	4	5		6	8	
4438	2	3	4	5	6		
4439	2	3	4		5	6	7
4440	1	2	3		4		
4441	2	3	4	5	6	8	9
4442	3	4	5		6		
4443	2	3	4		5	7	
4444	0	1	2		3		4
4445	0	1	2		3	5	
4446	1	2	3		4		
4447	2	3	4		5		6
4448	0	1	2		3		
4449	2	3	4	5	6		8
4450	0	1	2		3	5	
4451	1	2	3		4	5	6
4452	3	4	5		6	8	9
4453	0	1	2	3	4		
4454	0	1	2	3	4		6
4455	0	1	2	3	4	5	6
4456	0	1	2		3		4
4457	0	1	2	3	4	6	
4458	2	3	4	5	6		
4459	1	2	3	4	5		
4460	0	1	2	3	4	6	
4461	0	1	2	3	4	5	
4462	1	2	3	4	5	6	7
4463	2	3	4	5	6	7	
4464	0	1	2		3		4
4465	1	2	3		4	5	
4466	3	4	5	6	7	8	9
4467	2	3	4	5	6	7	
4468	0	1	2	3	4		
4469	0	1	2		3	4	
4470	2	3	4		5		6
4471	2	3	4		5	6	
4472	0	1	2		3	4	5
4473	1	2	3		4		
4474	3	4	5		6		
4475	2	3	4	5	6	8	9
4476	0	1	2		3		4
4477	2	3	4	5	6		
4478	1	2	3		4	5	6
4479	2	3	4		5		6
4480	0	1	2	3	4		
4481	1	2	3		4		6
4482	3	4	5	6	7		8
4483	0	1	2	3	4		
4484	1	2	3		4		
4485	2	3	4		5	6	7
4486	0	1	2		3		
4487	2	3	4		5		7
4488	1	2	3		4	6	
4489	2	3	4	5	6		8
4490	3	4	5		6		7
4491	0	1	2	3	4		5
4492	2	3	4		5	7	8
4493	2	3	4	5	6	7	
4494	0	1	2	3	4	5	6
4495	0	1	2	3	4	5	
4496	1	2	3	4	5		7
4497	1	2	3		4		
4498	0	1	2		3		
4499	1	2	3		4	6	7
4500	1	2	3	4	5		7
4501	1	2	3		4		
4502	0	1	2	3	4	5	
4503	2	3	4		5	7	
4504	0	1	2		3		
4505	2	3	4	5	6		
4506	0	1	2	3	4	5	6
4507	0	1	2		3	4	5
4508	2	3	4	5	6		8
4509	2	3	4	5	6		
4510	1	2	3	4	5		
4511	3	4	5	6	7	8	
4512	1	2	3		4		5
4513	0	1	2		3		4
4514	1	2	3	4	5		
4515	1	2	3		4		
4516	0	1	2		3		
4517	2	3	4	5	6	7	
4518	0	1	2	3	4		
4519	0	1	2		3	5	6
4520	0	1	2		3	4	5
4521	1	2	3		4		
4522	1	2	3		4	5	
4523	0	1	2		3		
4524	2	3	4	5	6	7	
4525	2	3	4		5		6
4526	0	1	2	3	4	5	
4527	1	2	3	4	5	7	
4528	0	1	2	3	4		5
4529	0	1	2		3		4
4530	3	4	5		6		8
4531	0	1	2	3	4	6	7
4532	0	1	2	3	4	6	7
4533	0	1	2		3		4
4534	0	1	2	3	4		6
4535	0	1	2		3	4	
4536	2	3	4		5		
4537	3	4	5		6	7	
4538	2	3	4		5	7	
4539	0	1	2		3	4	5
4540	0	1	2		3	4	5
4541	0	1	2	3	4		5
4542	1	2	3		4		
4543	0	1	2		3	4	
4544	3	4	5		6		8
4545	2	3	4		5		
4546	2	3	4		5		
4547	0	1	2	3	4	5	
4548	0	1	2	3	4	6	7
4549	0	1	2		3		4
4550	0	1	2		3	4	
4551	0	1	2		3		
4552	2	3	4		5	6	7
4553	0	1	2	3	4	6	
4554	0	1	2	3	4		
4555	0	1	2		3	5	6
4556	0	1	2	3	4		5
4557	0	1	2		3		
4558	0	1	2		3	4	
4559	1	2	3	4	5		6
4560	0	1	2		3	5	6
4561	0	1	2	3	4	5	
4562	1	2	3		4		5
4563	0	1	2		3		
4564	3	4	5	6	7		8
4565	0	1	2		3		5
4566	0	1	2		3		4
4567	0	1	2		3		
4568	1	2	3	4	5		7
4569	2	3	4		5		7
4570	0	1	2	3	4	6	
4571	2	3	4		5		7
4572	0	1	2	3	4	5	
4573	2	3	4	5	6	8	9
4574	1	2	3	4	5	6	
4575	0	1	2	3	4		5
4576	2	3	4		5		7
4577	1	2	3	4	5	6	
4578	0	1	2		3	5	6
4579	2	3	4	5	6	7	8
4580	0	1	2		3		4
4581	2	3	4		5	6	
4582	2	3	4	5	6		
4583	2	3	4		5	7	
4584	0	1	2		3	4	
4585	0	1	2		3	4	5
4586	2	3	4		5	6	7
4587	3	4	5	6	7	9	10
4588	0	1	2	3	4	5	
4589	0	1	2	3	4		
4590	2	3	4	5	6	7	
4591	3	4	5		6	7	8
4592	0	1	2	3	4		5
4593	0	1	2	3	4		
4594	3	4	5	6	7	9	
4595	0	1	2	3	4		5
4596	0	1	2	3	4	6	7
4597	0	1	2		3	4	5
4598	3	4	5		6		7
4599	1	2	3	4	5	6	7
4600	3	4	5	6	7		8
4601	2	3	4		5		
4602	3	4	5	6	7		8
4603	1	2	3	4	5	6	
4604	2	3	4		5	7	8
4605	0	1	2	3	4	5	6
4606	1	2	3		4	6	7
4607	2	3	4	5	6		
4608	0	1	2		3		
4609	0	1	2	3	4	6	
4610	1	2	3	4	5		7
4611	0	1	2	3	4	6	7
4612	0	1	2		3		4
4613	2	3	4		5		
4614	0	1	2		3	4	
4615	3	4	5		6		8
4616	3	4	5		6		7
4617	1	2	3	4	5		
4618	3	4	5		6		7
4619	0	1	2		3		4
4620	0	1	2	3	4	6	
4621	2	3	4	5	6		7
4622	0	1	2		3	4	5
4623	0	1	2		3	4	5
4624	1	2	3		4	5	6
4625	2	3	4	5	6		7
4626	0	1	2		3		4
4627	0	1	2		3	4	
4628	0	1	2	3	4		5
4629	0	1	2		3	4	5
4630	0	1	2	3	4		6
4631	0	1	2	3	4	6	7
4632	2	3	4		5		
4633	1	2	3	4	5		
4634	2	3	4	5	6		7
4635	3	4	5		6		8
4636	1	2	3		4	5	6
4637	3	4	5		6	7	8
4638	2	3	4	5	6	7	8
4639	0	1	2		3	4	5
4640	2	3	4	5	6	7	
4641	2	3	4		5		
4642	2	3	4	5	6		
4643	2	3	4	5	6	8	9
4644	2	3	4	5	6		7
4645	1	2	3		4		
4646	2	3	4	5	6		8
4647	2	3	4		5	6	
4648	2	3	4	5	6	7	8
4649	0	1	2	3	4		
4650	0	1	2		3	4	
4651	2	3	4	5	6	7	
4652	0	1	2	3	4	5	
4653	1	2	3	4	5		7
4654	0	1	2		3		4
4655	2	3	4	5	6		
4656	2	3	4	5	6		
4657	0	1	2	3	4		
4658	2	3	4		5	7	
4659	2	3	4	5	6	7	8
4660	0	1	2		3		5
4661	1	2	3		4	5	6
4662	1	2	3		4	5	
4663	0	1	2		3		4
4664	0	1	2		3		5
4665	0	1	2		3	4	
4666	1	2	3		4	5	6
4667	0	1	2		3	4	
4668	0	1	2	3	4		5
4669	1	2	3	4	5	6	
4670	2	3	4	5	6	7	
4671	1	2	3		4	5	6
4672	0	1	2		3		4
4673	2	3	4		5	7	
4674	3	4	5		6	7	
4675	2	3	4		5		
4676	0	1	2	3	4		5
4677	1	2	3	4	5	7	
4678	0	1	2	3	4		
4679	0	1	2	3	4		5
4680	0	1	2		3	5	
4681	0	1	2		3		
4682	0	1	2		3	5	6
4683	0	1	2		3		
4684	2	3	4	5	6	7	8
4685	1	2	3	4	5	6	
4686	0	1	2	3	4		
4687	0	1	2		3		4
4688	3	4	5	6	7		8
4689	0	1	2		3	4	5
4690	2	3	4	5	6		8
4691	2	3	4		5		
4692	3	4	5		6		8
4693	3	4	5		6		
4694	3	4	5		6	8	9
4695	0	1	2		3	4	5
4696	0	1	2	3	4		
4697	0	1	2		3		5
4698	0	1	2	3	4		
4699	2	3	4		5	7	8
4700	0	1	2		3		
4701	0	1	2	3	4	5	6
4702	0	1	2		3	4	
4703	1	2	3	4	5		6
4704	1	2	3		4	5	6
4705	0	1	2	3	4		5
4706	2	3	4	5	6	8	
4707	2	3	4	5	6		7
4708	2	3	4		5		7
4709	2	3	4	5	6	7	8
4710	0	1	2	3	4		6
4711	2	3	4	5	6		8
4712	0	1	2	3	4		
4713	2	3	4	5	6	7	8
4714	2	3	4		5		
4715	1	2	3		4		
4716	1	2	3	4	5		6
4717	0	1	2		3		
4718	0	1	2	3	4		
4719	1	2	3	4	5		
4720	2	3	4		5		6
4721	2	3	4		5	6	
4722	0	1	2	3	4		
4723	2	3	4	5	6	8	
4724	0	1	2	3	4	6	
4725	1	2	3	4	5	6	7
4726	0	1	2		3		4
4727	0	1	2		3		4
4728	0	1	2		3	5	
4729	1	2	3		4		
4730	0	1	2		3	4	5
4731	0	1	2		3		
4732	2	3	4	5	6		7
4733	2	3	4	5	6		
4734	3	4	5	6	7		
4735	2	3	4	5	6	7	
4736	0	1	2		3		
4737	0	1	2		3		
4738	1	2	3	4	5		
4739	1	2	3		4	5	6
4740	1	2	3		4	5	6
4741	0	1	2		3		
4742	0	1	2		3		5
4743	2	3	4		5		6
4744	2	3	4	5	6		
4745	1	2	3	4	5	7	8
4746	3	4	5		6		8
4747	2	3	4	5	6		7
4748	2	3	4	5	6		
4749	2	3	4		5	6	7
4750	0	1	2	3	4		6
4751	0	1	2	3	4	5	6
4752	2	3	4	5	6	7	8
4753	2	3	4		5	6	
4754	1	2	3		4	5	6
4755	0	1	2	3	4		5
4756	0	1	2		3	4	
4757	2	3	4		5	7	8
4758	2	3	4		5		7
4759	2	3	4		5	6	
4760	1	2	3	4	5		
4761	0	1	2	3	4	6	
4762	0	1	2	3	4		5
4763	0	1	2	3	4		
4764	2	3	4		5	6	7
4765	1	2	3	4	5	6	
4766	3	4	5	6	7		
4767	2	3	4		5		
4768	2	3	4	5	6	7	
4769	0	1	2		3	4	
4770	0	1	2	3	4	5	
4771	0	1	2		3	5	
4772	0	1	2	3	4		
4773	0	1	2	3	4		6
4774	2	3	4	5	6		
4775	2	3	4		5		6
4776	0	1	2	3	4	5	
4777	0	1	2		3		
4778	1	2	3		4		
4779	3	4	5		6	8	9
4780	2	3	4		5	7	
4781	0	1	2		3		
4782	1	2	3		4		
4783	1	2	3		4	5	
4784	3	4	5		6	7	8
4785	2	3	4		5		7
4786	0	1	2		3	4	5
4787	0	1	2	3	4	5	6
4788	0	1	2		3	4	
4789	0	1	2		3		
4790	1	2	3	4	5	6	7
4791	0	1	2	3	4	6	
4792	1	2	3	4	5		6
4793	0	1	2		3	4	
4794	0	1	2	3	4		6
4795	1	2	3		4	5	6
4796	2	3	4		5	7	
4797	0	1	2		3	4	5
4798	0	1	2		3		5
4799	3	4	5	6	7		
4800	0	1	2		3		4
4801	1	2	3		4		6
4802	0	1	2	3	4	5	6
4803	1	2	3	4	5		6
4804	0	1	2		3		
4805	0	1	2	3	4		
4806	1	2	3	4	5		7
4807	1	2	3		4	5	
4808	1	2	3		4		5
4809	0	1	2	3	4		
4810	0	1	2		3	4	5
4811	1	2	3		4	6	
4812	2	3	4	5	6		
4813	1	2	3		4	5	6
4814	0	1	2		3		
4815	1	2	3		4		
4816	0	1	2	3	4	5	6
4817	2	3	4	5	6	7	8
4818	0	1	2		3	5	
4819	1	2	3	4	5	6	7
4820	0	1	2		3		
4821	1	2	3		4	6	7
4822	1	2	3	4	5		6
4823	0	1	2		3		4
4824	2	3	4	5	6	7	8
4825	0	1	2		3	4	5
4826	3	4	5		6	7	
4827	0	1	2	3	4		5
4828	0	1	2		3	5	6
4829	2	3	4	5	6	7	8
4830	2	3	4	5	6	7	
4831	0	1	2		3		4
4832	2	3	4		5	6	
4833	1	2	3	4	5	6	
4834	0	1	2	3	4		6
4835	0	1	2	3	4	5	6
4836	0	1	2	3	4		
4837	2	3	4	5	6	8	9
4838	0	1	2	3	4	5	
4839	0	1	2		3		
4840	1	2	3		4	6	7
4841	2	3	4		5		7
4842	0	1	2	3	4		
4843	2	3	4		5	6	7
4844	2	3	4		5	7	8
4845	1	2	3	4	5		7
4846	3	4	5	6	7	8	
4847	2	3	4	5	6	8	
4848	0	1	2		3	4	
4849	0	1	2	3	4	5	6
4850	2	3	4		5		
4851	2	3	4	5	6	8	
4852	2	3	4	5	6	8	
4853	0	1	2	3	4		
4854	1	2	3	4	5		7
4855	0	1	2	3	4	5	
4856	0	1	2	3	4		
4857	1	2	3	4	5	6	7
4858	0	1	2		3		
4859	1	2	3		4		5
4860	2	3	4		5		
4861	0	1	2	3	4		
4862	0	1	2	3	4		
4863	1	2	3	4	5	6	
4864	1	2	3		4	5	6
4865	1	2	3	4	5	7	8
4866	0	1	2		3		
4867	1	2	3	4	5		6
4868	0	1	2	3	4		
4869	3	4	5		6	8	
4870	1	2	3	4	5	6	
4871	1	2	3	4	5	6	
4872	0	1	2		3		
4873	3	4	5		6	7	8
4874	3	4	5		6		
4875	0	1	2		3	4	
4876	0	1	2		3	5	6
4877	1	2	3	4	5		
4878	1	2	3	4	5		6
4879	2	3	4		5	6	
4880	0	1	2	3	4	5	6
4881	1	2	3		4		5
4882	0	1	2		3		4
4883	1	2	3		4	5	
4884	1	2	3	4	5	6	
4885	2	3	4		5	6	
4886	3	4	5	6	7	8	
4887	0	1	2	3	4	5	6
4888	2	3	4		5	6	7
4889	2	3	4	5	6	7	8
4890	2	3	4		5		
4891	2	3	4		5	6	7
4892	2	3	4	5	6		
4893	1	2	3		4		5
4894	3	4	5		6	8	
4895	2	3	4	5	6		
4896	2	3	4		5	6	7
4897	1	2	3	4	5	7	
4898	1	2	3	4	5		7
4899	3	4	5		6		7
4900	1	2	3		4	5	6
4901	1	2	3		4		
4902	2	3	4	5	6		
4903	0	1	2	3	4		5
4904	2	3	4		5		6
4905	0	1	2		3		
4906	1	2	3	4	5	6	7
4907	2	3	4		5		
4908	2	3	4		5	6	
4909	0	1	2		3	4	
4910	2	3	4	5	6	7	8
4911	2	3	4	5	6	8	
4912	2	3	4		5	7	8
4913	2	3	4		5	6	7
4914	2	3	4		5	7	8
4915	2	3	4		5		6
4916	1	2	3		4	6	7
4917	2	3	4	5	6		7
4918	2	3	4	5	6		
4919	0	1	2	3	4		5
4920	3	4	5	6	7	8	9
4921	0	1	2		3		4
4922	1	2	3		4		5
4923	2	3	4		5		
4924	1	2	3		4	5	
4925	0	1	2		3	5	6
4926	0	1	2		3		5
4927	3	4	5		6		7
4928	0	1	2		3	4	5
4929	2	3	4	5	6		
4930	1	2	3	4	5	7	8
4931	2	3	4		5		
4932	1	2	3	4	5	7	8
4933	0	1	2		3	5	6
4934	0	1	2		3		
4935	2	3	4		5	7	
4936	1	2	3		4		6
4937	1	2	3		4		
4938	3	4	5		6		7
4939	3	4	5		6		
4940	0	1	2		3	4	5
4941	1	2	3	4	5		6
4942	1	2	3	4	5		7
4943	0	1	2	3	4	5	6
4944	2	3	4		5		7
4945	1	2	3		4		5
4946	0	1	2		3		4
4947	2	3	4		5	6	
4948	2	3	4		5	6	
4949	3	4	5	6	7	8	9
4950	0	1	2	3	4	5	6
4951	0	1	2		3		
4952	1	2	3		4	6	
4953	2	3	4	5	6		
4954	3	4	5	6	7	9	10
4955	1	2	3	4	5	7	8
4956	0	1	2	3	4	5	6
4957	0	1	2		3		
4958	0	1	2		3	4	5
4959	2	3	4		5	7	8
4960	1	2	3	4	5	6	7
4961	3	4	5		6		
4962	0	1	2	3	4		
4963	2	3	4	5	6		
4964	2	3	4		5	6	
4965	0	1	2		3		5
4966	2	3	4	5	6	7	8
4967	2	3	4		5		
4968	2	3	4		5	6	7
4969	1	2	3	4	5	6	7
4970	0	1	2	3	4	5	6
4971	0	1	2	3	4	5	
4972	2	3	4		5		6
4973	3	4	5	6	7	8	9
4974	0	1	2		3	4	
4975	2	3	4		5		
4976	0	1	2		3		5
4977	0	1	2	3	4	5	6
4978	0	1	2		3	4	
4979	1	2	3	4	5	6	
4980	1	2	3		4	5	
4981	0	1	2	3	4	5	6
4982	2	3	4	5	6	8	9
4983	0	1	2		3	4	5
4984	0	1	2		3	4	
4985	2	3	4	5	6		8
4986	2	3	4		5	6	
4987	1	2	3		4	5	
4988	2	3	4		5	7	8
4989	2	3	4		5		7
4990	0	1	2		3		4
4991	3	4	5		6		
4992	0	1	2	3	4	6	7
4993	0	1	2		3	4	
4994	0	1	2		3	4	5
4995	3	4	5	6	7	8	9
4996	2	3	4	5	6	7	
4997	0	1	2	3	4		6
4998	2	3	4		5		
4999	0	1	2		3	4	
